fall_id,p,k,r,z,w,g,notiz,erstmals,gespeichert,aenderungen,rubrik_sha256
V001,falsch|falsch|fehlt,ja|nein|ja,ja,nein,nein,nein,Verwechselt Augen- und Ereigniswürfel und beschreibt die Wirkung von Alchemie falsch. Beide Augenwürfel dürfen bestimmt werden; der Ereigniswürfel muss geworfen werden. Die Reihenfolge Ereignis vor Erträgen fehlt. Eine umgekehrte Ertragsreihenfolge wird nicht ausdrücklich behauptet.,2026-09-29T05:39:15.499Z,2026-09-29T05:39:15.498Z,0,4f8a7960ba1e7f55e1f5a30066b245eb4c52683a954cab6f8c69215bfb5aee03
V002,enthalten|enthalten|enthalten,nein|nein|nein,nein,ja,nein,nein,Die Antwort erlaubt ausdrücklich eine 7 und behauptet anschließend pauschal Rohstofferträge. Diese Kombination muss gegen die Heftregel geprüft werden.,2026-09-29T05:47:12.982Z,2026-09-29T05:47:12.982Z,0,4f8a7960ba1e7f55e1f5a30066b245eb4c52683a954cab6f8c69215bfb5aee03
V003,enthalten|enthalten|enthalten,nein|nein|nein,nein,nein,nein,nein,"Beide Augenwürfel, Ereigniswürfel und Reihenfolge korrekt beschrieben. Kein konkreter Sonderfall 7 genannt.",2026-09-29T05:48:43.420Z,2026-09-29T05:48:43.420Z,0,4f8a7960ba1e7f55e1f5a30066b245eb4c52683a954cab6f8c69215bfb5aee03
V004,enthalten|enthalten|enthalten,nein|nein|nein,nein,ja,nein,nein,Ereigniswürfel fälschlich als roter Würfel bezeichnet. S&R S. 6 unterscheidet ausdrücklich den roten Augenwürfel vom Ereigniswürfel. Zusätzlich derselbe Ertrags-Grenzfall wie V002.,2026-09-29T05:49:06.553Z,2026-09-29T05:49:06.553Z,0,4f8a7960ba1e7f55e1f5a30066b245eb4c52683a954cab6f8c69215bfb5aee03
V005,enthalten|enthalten|enthalten,nein|nein|nein,nein,nein,nein,nein,,2026-09-29T05:49:20.590Z,2026-09-29T05:49:20.590Z,0,4f8a7960ba1e7f55e1f5a30066b245eb4c52683a954cab6f8c69215bfb5aee03
V006,enthalten|enthalten|enthalten,nein|nein|nein,nein,nein,nein,nein,,2026-09-29T05:49:31.525Z,2026-09-29T05:49:31.525Z,0,4f8a7960ba1e7f55e1f5a30066b245eb4c52683a954cab6f8c69215bfb5aee03
V007,enthalten|enthalten|enthalten,nein|nein|nein,nein,nein,nein,nein,,2026-09-29T05:49:41.289Z,2026-09-29T05:49:41.289Z,0,4f8a7960ba1e7f55e1f5a30066b245eb4c52683a954cab6f8c69215bfb5aee03
V008,enthalten|enthalten|fehlt,nein|nein|nein,nein,nein,nein,nein,,2026-09-29T05:49:53.451Z,2026-09-29T05:49:53.451Z,0,4f8a7960ba1e7f55e1f5a30066b245eb4c52683a954cab6f8c69215bfb5aee03
V009,enthalten|enthalten,nein|nein|nein,nein,nein,nein,nein,,2026-09-29T05:50:06.187Z,2026-09-29T05:50:06.187Z,0,4f8a7960ba1e7f55e1f5a30066b245eb4c52683a954cab6f8c69215bfb5aee03
V010,enthalten|enthalten,nein|nein|nein,nein,nein,nein,nein,,2026-09-29T05:50:18.921Z,2026-09-29T05:50:18.921Z,0,4f8a7960ba1e7f55e1f5a30066b245eb4c52683a954cab6f8c69215bfb5aee03
V011,enthalten|enthalten,nein|nein|nein,nein,nein,nein,nein,,2026-09-29T05:50:28.699Z,2026-09-29T05:50:28.699Z,0,4f8a7960ba1e7f55e1f5a30066b245eb4c52683a954cab6f8c69215bfb5aee03
V012,enthalten|enthalten,nein|nein|nein,nein,nein,nein,nein,,2026-09-29T05:50:40.479Z,2026-09-29T05:50:40.479Z,0,4f8a7960ba1e7f55e1f5a30066b245eb4c52683a954cab6f8c69215bfb5aee03
V013,falsch|fehlt|falsch|falsch,nein|nein|ja|ja,ja,nein,nein,nein,Wirkungen beider Karten verneint; kein Getreide und reguläre Stadtkosten behauptet. S&R S. 14 beschreibt beide Vergünstigungen.,2026-09-29T05:51:14.979Z,2026-09-29T05:51:14.979Z,0,4f8a7960ba1e7f55e1f5a30066b245eb4c52683a954cab6f8c69215bfb5aee03
V014,falsch|enthalten|enthalten|falsch,nein|nein|nein|ja,nein,nein,ja,nein,"Zählt entgegen der Situation zwei Ackerfelder. Nennt vier Getreide, Verbrauch von einem und trotzdem keinen Rest. Die abstrakte Regel „je Ackerland“ ist richtig.",2026-09-29T05:51:49.839Z,2026-09-29T05:51:49.839Z,0,4f8a7960ba1e7f55e1f5a30066b245eb4c52683a954cab6f8c69215bfb5aee03
V015,falsch|falsch|falsch|falsch,ja|nein|ja|ja,ja,nein,ja,nein,"Zählt nach Siedlungen, ignoriert Medizin und widerspricht der zunächst selbst genannten Regel „pro Ackerland“.",2026-09-29T05:52:25.175Z,2026-09-29T05:52:25.175Z,0,4f8a7960ba1e7f55e1f5a30066b245eb4c52683a954cab6f8c69215bfb5aee03
V016,enthalten|enthalten|enthalten|enthalten,nein|nein|nein|nein,nein,nein,nein,nein,,2026-09-29T05:52:36.401Z,2026-09-29T05:52:36.401Z,0,4f8a7960ba1e7f55e1f5a30066b245eb4c52683a954cab6f8c69215bfb5aee03
V017,enthalten|enthalten,nein|nein|nein,nein,nein,nein,nein,,2026-09-29T05:52:47.071Z,2026-09-29T05:52:47.071Z,0,4f8a7960ba1e7f55e1f5a30066b245eb4c52683a954cab6f8c69215bfb5aee03
V018,falsch|falsch,nein|ja|ja,ja,nein,nein,ja,Wald und Weideland erhalten fälschlich den Grundspielertrag; Hügelland wird falsch zugeordnet. „Metall“ und „Ziegel“ sind nicht die genannten Handelswaren.,2026-09-29T05:53:08.100Z,2026-09-29T05:53:08.099Z,0,4f8a7960ba1e7f55e1f5a30066b245eb4c52683a954cab6f8c69215bfb5aee03
V019,enthalten|enthalten,nein|nein|nein,nein,nein,nein,nein,,2026-09-29T05:53:18.591Z,2026-09-29T05:53:18.591Z,0,4f8a7960ba1e7f55e1f5a30066b245eb4c52683a954cab6f8c69215bfb5aee03
V020,enthalten|enthalten,nein|nein|nein,nein,nein,nein,nein,,2026-09-29T05:53:27.899Z,2026-09-29T05:53:27.899Z,0,4f8a7960ba1e7f55e1f5a30066b245eb4c52683a954cab6f8c69215bfb5aee03
V021,falsch|enthalten,nein|ja|nein,ja,nein,nein,nein,Falsche Ausgangskosten und deshalb falscher Endpreis von einem Erz und einem Getreide.,2026-09-29T05:53:53.118Z,2026-09-29T05:53:53.117Z,0,4f8a7960ba1e7f55e1f5a30066b245eb4c52683a954cab6f8c69215bfb5aee03
V022,falsch|enthalten,nein|ja|nein,ja,nein,nein,nein,Medizin reduziert auch Getreide; zwei Erz und zwei Getreide sind falsch.,2026-09-29T05:54:12.681Z,2026-09-29T05:54:12.681Z,0,4f8a7960ba1e7f55e1f5a30066b245eb4c52683a954cab6f8c69215bfb5aee03
V023,enthalten|enthalten,nein|nein|nein,nein,nein,nein,nein,,2026-09-29T05:54:27.149Z,2026-09-29T05:54:27.149Z,0,4f8a7960ba1e7f55e1f5a30066b245eb4c52683a954cab6f8c69215bfb5aee03
V024,enthalten|enthalten,nein|nein|nein,nein,nein,nein,nein,,2026-09-29T05:54:37.659Z,2026-09-29T05:54:37.659Z,0,4f8a7960ba1e7f55e1f5a30066b245eb4c52683a954cab6f8c69215bfb5aee03
V025,enthalten|enthalten|enthalten,nein|nein|nein,nein,ja,nein,nein,"Zusatzbehauptung zum Erhalt von Fortschrittskarten durch Stadtbau und Handelswarenertrag ist falsch. Maßgeblich sind Ausbau und Würfelergebnis, S&R S. 7.",2026-09-29T05:54:58.390Z,2026-09-29T05:54:58.390Z,0,4f8a7960ba1e7f55e1f5a30066b245eb4c52683a954cab6f8c69215bfb5aee03
V026,enthalten|enthalten|enthalten,nein|nein|nein,nein,ja,nein,nein,"Behauptet weiterhin aktivierbare „Ritterkarten“. Tatsächlich werden Ritterfiguren gebaut und aktiviert, S&R S. 6 und 9.",2026-09-29T05:55:16.309Z,2026-09-29T05:55:16.309Z,0,4f8a7960ba1e7f55e1f5a30066b245eb4c52683a954cab6f8c69215bfb5aee03
V027,falsch|falsch|falsch,ja|ja|ja,ja,nein,nein,ja,Überträgt Kaufkosten und Kaufzugregel der Grundspiel-Entwicklungskarten auf Fortschrittskarten.,2026-09-29T05:55:35.937Z,2026-09-29T05:55:35.937Z,0,4f8a7960ba1e7f55e1f5a30066b245eb4c52683a954cab6f8c69215bfb5aee03
V028,enthalten|enthalten|enthalten,nein|nein|nein,nein,nein,nein,nein,,2026-09-29T05:55:46.089Z,2026-09-29T05:55:46.089Z,0,4f8a7960ba1e7f55e1f5a30066b245eb4c52683a954cab6f8c69215bfb5aee03
V029,falsch|enthalten|enthalten,ja|nein|nein,ja,nein,nein,nein,Behandelt die bewertete Person entgegen der Frage als am Zug und verlangt Ausspielen statt Abgeben.,2026-09-29T05:56:07.479Z,2026-09-29T05:56:07.479Z,0,4f8a7960ba1e7f55e1f5a30066b245eb4c52683a954cab6f8c69215bfb5aee03
V030,falsch|enthalten|enthalten,ja|nein|nein,ja,nein,nein,nein,Wendet die Ausspielpflicht des eigenen Zuges auf den fremden Zug an.,2026-09-29T05:56:34.048Z,2026-09-29T05:56:34.048Z,0,4f8a7960ba1e7f55e1f5a30066b245eb4c52683a954cab6f8c69215bfb5aee03
V031,falsch|enthalten|falsch,nein|nein|ja,ja,nein,nein,nein,Erfindet ein offenes Zwischenlagern und späteres Wiederverdecken; die fünfte Karte bleibt damit unzulässig im Besitz.,2026-09-29T05:56:56.617Z,2026-09-29T05:56:56.617Z,0,4f8a7960ba1e7f55e1f5a30066b245eb4c52683a954cab6f8c69215bfb5aee03
V032,falsch|fehlt|fehlt,ja|nein|nein,ja,nein,nein,nein,"Beantwortet fälschlich einen Fall, in dem Ben selbst fünf Karten hält. Für die fragende Person wird keine passende Handlung angegeben.",2026-09-29T05:57:30.057Z,2026-09-29T05:57:30.057Z,0,4f8a7960ba1e7f55e1f5a30066b245eb4c52683a954cab6f8c69215bfb5aee03
V033,enthalten|enthalten,nein|nein|nein,nein,nein,nein,nein,,2026-09-29T05:57:47.662Z,2026-09-29T05:57:47.662Z,0,4f8a7960ba1e7f55e1f5a30066b245eb4c52683a954cab6f8c69215bfb5aee03
V034,enthalten|enthalten,nein|nein|nein,nein,nein,nein,nein,,2026-09-29T05:57:58.692Z,2026-09-29T05:57:58.692Z,0,4f8a7960ba1e7f55e1f5a30066b245eb4c52683a954cab6f8c69215bfb5aee03
V035,enthalten|enthalten,nein|nein|nein,nein,nein,nein,nein,,2026-09-29T05:58:07.071Z,2026-09-29T05:58:07.071Z,0,4f8a7960ba1e7f55e1f5a30066b245eb4c52683a954cab6f8c69215bfb5aee03
V036,enthalten|enthalten,nein|nein|nein,nein,nein,nein,nein,,2026-09-29T05:58:14.565Z,2026-09-29T05:58:14.565Z,0,4f8a7960ba1e7f55e1f5a30066b245eb4c52683a954cab6f8c69215bfb5aee03
V037,enthalten|enthalten,nein|nein|nein,nein,nein,nein,nein,,2026-09-29T05:58:29.507Z,2026-09-29T05:58:29.507Z,0,4f8a7960ba1e7f55e1f5a30066b245eb4c52683a954cab6f8c69215bfb5aee03
V038,enthalten|enthalten,nein|nein|nein,nein,nein,nein,nein,,2026-09-29T05:58:36.095Z,2026-09-29T05:58:36.095Z,0,4f8a7960ba1e7f55e1f5a30066b245eb4c52683a954cab6f8c69215bfb5aee03
V039,enthalten|enthalten,nein|nein|nein,nein,nein,nein,nein,,2026-09-29T05:58:42.923Z,2026-09-29T05:58:42.923Z,0,4f8a7960ba1e7f55e1f5a30066b245eb4c52683a954cab6f8c69215bfb5aee03
V040,falsch|enthalten,ja|nein|nein,ja,ja,nein,ja,Übernimmt zwei Siedlungen. Zusätzlich falsche Mindestdistanz von nur einer Straße und unbegründete Verbindung beider Startsiedlungen; GS S. 9 und 12.,2026-09-29T05:58:58.407Z,2026-09-29T05:58:58.407Z,0,4f8a7960ba1e7f55e1f5a30066b245eb4c52683a954cab6f8c69215bfb5aee03
V041,falsch|enthalten,ja|nein|nein,ja,nein,nein,nein,Handel und Politik vertauscht; die Kostenregel „eine zugehörige Handelsware“ stimmt.,2026-09-29T05:59:17.898Z,2026-09-29T05:59:17.898Z,0,4f8a7960ba1e7f55e1f5a30066b245eb4c52683a954cab6f8c69215bfb5aee03
V042,enthalten|falsch,nein|nein|ja,ja,nein,nein,nein,"Erfindet zusätzlich ein Erz als Kosten. K2 wörtlich nicht erfüllt: Rohstoffe werden zusätzlich, nicht statt Handelswaren verlangt.",2026-09-29T05:59:35.607Z,2026-09-29T05:59:35.607Z,0,4f8a7960ba1e7f55e1f5a30066b245eb4c52683a954cab6f8c69215bfb5aee03
V043,enthalten|enthalten,nein|nein|nein,nein,nein,nein,nein,,2026-09-29T05:59:49.169Z,2026-09-29T05:59:49.169Z,0,4f8a7960ba1e7f55e1f5a30066b245eb4c52683a954cab6f8c69215bfb5aee03
V044,enthalten|enthalten,nein|nein|nein,nein,nein,nein,nein,,2026-09-29T06:00:01.465Z,2026-09-29T06:00:01.465Z,0,4f8a7960ba1e7f55e1f5a30066b245eb4c52683a954cab6f8c69215bfb5aee03
V045,enthalten|enthalten|enthalten,nein|nein|nein,nein,nein,nein,nein,,2026-09-29T06:00:14.131Z,2026-09-29T06:00:14.131Z,0,4f8a7960ba1e7f55e1f5a30066b245eb4c52683a954cab6f8c69215bfb5aee03
V046,enthalten|enthalten|enthalten,nein|nein|nein,nein,nein,nein,nein,,2026-09-29T06:00:21.331Z,2026-09-29T06:00:21.331Z,0,4f8a7960ba1e7f55e1f5a30066b245eb4c52683a954cab6f8c69215bfb5aee03
V047,enthalten|enthalten|enthalten,nein|nein|nein,nein,nein,nein,nein,,2026-09-29T06:00:29.751Z,2026-09-29T06:00:29.751Z,0,4f8a7960ba1e7f55e1f5a30066b245eb4c52683a954cab6f8c69215bfb5aee03
V048,enthalten|enthalten|enthalten,nein|nein|ja,ja,nein,ja,nein,"Behauptet eine Rohstoffkarte, erlaubt danach zwei Karten einschließlich Papier. Falsche Kartenregel und widersprüchliche Anzahl.",2026-09-29T06:00:46.119Z,2026-09-29T06:00:46.119Z,0,4f8a7960ba1e7f55e1f5a30066b245eb4c52683a954cab6f8c69215bfb5aee03
V049,enthalten|enthalten,nein|nein|nein,nein,nein,nein,nein,,2026-09-29T06:01:01.579Z,2026-09-29T06:01:01.579Z,0,4f8a7960ba1e7f55e1f5a30066b245eb4c52683a954cab6f8c69215bfb5aee03
V050,falsch|falsch,ja|nein|nein,ja,nein,nein,nein,Erfindet ein Handelsverbot für den blockierten Rohstoff. Das ist auch keine korrekte Grundspielregel.,2026-09-29T06:01:16.647Z,2026-09-29T06:01:16.647Z,0,4f8a7960ba1e7f55e1f5a30066b245eb4c52683a954cab6f8c69215bfb5aee03
V051,enthalten|enthalten,nein|nein|nein,nein,nein,nein,nein,,2026-09-29T06:01:27.303Z,2026-09-29T06:01:27.303Z,0,4f8a7960ba1e7f55e1f5a30066b245eb4c52683a954cab6f8c69215bfb5aee03
V052,enthalten|enthalten,nein|nein|nein,nein,nein,nein,nein,,2026-09-29T06:01:39.061Z,2026-09-29T06:01:39.061Z,0,4f8a7960ba1e7f55e1f5a30066b245eb4c52683a954cab6f8c69215bfb5aee03
V053,enthalten|enthalten|enthalten,nein|nein|nein,nein,nein,nein,nein,,2026-09-29T06:01:53.655Z,2026-09-29T06:01:53.655Z,0,4f8a7960ba1e7f55e1f5a30066b245eb4c52683a954cab6f8c69215bfb5aee03
V054,enthalten|enthalten|enthalten,nein|nein|nein,nein,nein,nein,nein,,2026-09-29T06:02:03.745Z,2026-09-29T06:02:03.745Z,0,4f8a7960ba1e7f55e1f5a30066b245eb4c52683a954cab6f8c69215bfb5aee03
V055,falsch|falsch|falsch,ja|ja|ja,ja,nein,nein,nein,Eine Rohstoffkarte statt zwei Karten; außerdem falsche Person für die Auswahl.,2026-09-29T06:02:25.061Z,2026-09-29T06:02:25.061Z,0,4f8a7960ba1e7f55e1f5a30066b245eb4c52683a954cab6f8c69215bfb5aee03
V056,enthalten|enthalten|enthalten,nein|nein|nein,nein,nein,nein,nein,,2026-09-29T06:02:35.812Z,2026-09-29T06:02:35.812Z,0,4f8a7960ba1e7f55e1f5a30066b245eb4c52683a954cab6f8c69215bfb5aee03
V057,enthalten|enthalten|enthalten,nein|nein|nein,nein,ja,nein,nein,"Punkteberechnung richtig. Zusatzbegründung „Medizin ersetzt Getreide“ erklärt die Bezahlung falsch; tatsächlich spart sie ein Erz und ein Getreide, S&R S. 14.",2026-09-29T06:03:03.271Z,2026-09-29T06:03:03.271Z,0,4f8a7960ba1e7f55e1f5a30066b245eb4c52683a954cab6f8c69215bfb5aee03
V058,falsch|enthalten|enthalten,ja|nein|nein,nein,nein,ja,nein,"Nennt zuerst vierzehn, danach zwölf plus eins beziehungsweise dreizehn. Die korrekte Erklärung beseitigt den falschen Anfangswert nicht.",2026-09-29T06:03:27.595Z,2026-09-29T06:03:27.595Z,0,4f8a7960ba1e7f55e1f5a30066b245eb4c52683a954cab6f8c69215bfb5aee03
V059,falsch|enthalten|enthalten,ja|nein|nein,nein,nein,ja,nein,Ebenfalls vierzehn im Ergebnis trotz korrekt erklärtem Zugewinn von einem Punkt.,2026-09-29T06:03:52.351Z,2026-09-29T06:03:52.351Z,0,4f8a7960ba1e7f55e1f5a30066b245eb4c52683a954cab6f8c69215bfb5aee03
V060,enthalten|enthalten|enthalten,nein|nein|nein,nein,nein,nein,nein,,2026-09-29T06:04:05.917Z,2026-09-29T06:04:05.917Z,0,4f8a7960ba1e7f55e1f5a30066b245eb4c52683a954cab6f8c69215bfb5aee03
V061,enthalten|enthalten,nein|nein|nein,nein,nein,nein,nein,,2026-09-29T06:04:29.761Z,2026-09-29T06:04:29.761Z,0,4f8a7960ba1e7f55e1f5a30066b245eb4c52683a954cab6f8c69215bfb5aee03
V062,enthalten|enthalten,nein|nein|nein,nein,nein,nein,nein,,2026-09-29T06:04:38.107Z,2026-09-29T06:04:38.107Z,0,4f8a7960ba1e7f55e1f5a30066b245eb4c52683a954cab6f8c69215bfb5aee03
V063,enthalten|falsch,nein|nein|nein,ja,nein,nein,nein,"Begründet die Ablehnung mit insgesamt nur einer Karte am Wald; die Handelsware fehlt nicht bloß, sondern wird durch diese Beschränkung ausgeschlossen.",2026-09-29T06:04:57.025Z,2026-09-29T06:04:57.025Z,0,4f8a7960ba1e7f55e1f5a30066b245eb4c52683a954cab6f8c69215bfb5aee03
V064,enthalten|falsch,nein|nein|nein,ja,nein,nein,nein,Behauptet als vollständigen Stadtertrag nur eine Holzkarte und erklärt den Stadteffekt falsch.,2026-09-29T06:05:15.481Z,2026-09-29T06:05:15.481Z,0,4f8a7960ba1e7f55e1f5a30066b245eb4c52683a954cab6f8c69215bfb5aee03
V065,enthalten|enthalten,nein|nein|nein,nein,nein,nein,nein,,2026-09-29T06:05:30.637Z,2026-09-29T06:05:30.637Z,0,4f8a7960ba1e7f55e1f5a30066b245eb4c52683a954cab6f8c69215bfb5aee03
V066,enthalten|enthalten,nein|nein|nein,nein,nein,nein,nein,,2026-09-29T06:05:40.467Z,2026-09-29T06:05:40.467Z,0,4f8a7960ba1e7f55e1f5a30066b245eb4c52683a954cab6f8c69215bfb5aee03
V067,falsch|falsch,ja|ja|nein,ja,nein,nein,ja,Überträgt das Grundspiel-Monopol: alle Holz statt zwei.,2026-09-29T06:06:01.313Z,2026-09-29T06:06:01.313Z,0,4f8a7960ba1e7f55e1f5a30066b245eb4c52683a954cab6f8c69215bfb5aee03
V068,enthalten|enthalten,nein|nein|nein,nein,nein,nein,nein,,2026-09-29T06:06:11.189Z,2026-09-29T06:06:11.189Z,0,4f8a7960ba1e7f55e1f5a30066b245eb4c52683a954cab6f8c69215bfb5aee03
V069,falsch,ja|nein|ja,ja,nein,nein,nein,Erfindet eine Hafenfeldregel und erlaubt alle Zahlenchips der Rohstofffelder. Die vier gesperrten Zahlen fehlen vollständig.,2026-09-29T06:06:32.489Z,2026-09-29T06:06:32.489Z,0,4f8a7960ba1e7f55e1f5a30066b245eb4c52683a954cab6f8c69215bfb5aee03
V070,enthalten,nein|nein|nein,nein,nein,nein,nein,,2026-09-29T06:06:44.387Z,2026-09-29T06:06:44.387Z,0,4f8a7960ba1e7f55e1f5a30066b245eb4c52683a954cab6f8c69215bfb5aee03
V071,enthalten,nein|nein|nein,nein,nein,nein,nein,,2026-09-29T06:06:59.967Z,2026-09-29T06:06:59.967Z,0,4f8a7960ba1e7f55e1f5a30066b245eb4c52683a954cab6f8c69215bfb5aee03
V072,enthalten,nein|nein|nein,nein,nein,nein,nein,,2026-09-29T06:07:08.441Z,2026-09-29T06:07:08.441Z,0,4f8a7960ba1e7f55e1f5a30066b245eb4c52683a954cab6f8c69215bfb5aee03
V073,enthalten|enthalten|enthalten,nein|nein|nein,ja,nein,ja,nein,"Ergebnis kostenlos richtig, aber über erfundene Erz-Kosten hergeleitet; nennt erst ein Erz als Zahlung und danach kostenlos.",2026-09-29T06:07:37.607Z,2026-09-29T06:07:37.607Z,0,4f8a7960ba1e7f55e1f5a30066b245eb4c52683a954cab6f8c69215bfb5aee03
V074,enthalten|enthalten|enthalten,nein|nein|nein,nein,nein,nein,nein,,2026-09-29T06:08:04.575Z,2026-09-29T06:08:04.575Z,0,4f8a7960ba1e7f55e1f5a30066b245eb4c52683a954cab6f8c69215bfb5aee03
V075,enthalten|enthalten|enthalten,nein|nein|nein,nein,nein,nein,nein,,2026-09-29T06:08:19.411Z,2026-09-29T06:08:19.411Z,0,4f8a7960ba1e7f55e1f5a30066b245eb4c52683a954cab6f8c69215bfb5aee03
V076,enthalten|enthalten|enthalten,nein|nein|nein,ja,nein,nein,nein,Kostenloses Ergebnis wird ausschließlich mit erfundenen Getreide-/Erzkosten und deren Erlass begründet.,2026-09-29T06:08:34.323Z,2026-09-29T06:08:34.323Z,0,4f8a7960ba1e7f55e1f5a30066b245eb4c52683a954cab6f8c69215bfb5aee03
V077,fehlt|enthalten|falsch,nein|nein|nein,ja,nein,nein,nein,Sofortiger Einsatz fehlt. Buchdruck wird wegen „offen/keine Handkarte“ ausgeschlossen statt aufgrund der Siegpunktregel; die Begründung gehört ausdrücklich zu P3.,2026-09-29T06:08:58.471Z,2026-09-29T06:08:58.471Z,0,4f8a7960ba1e7f55e1f5a30066b245eb4c52683a954cab6f8c69215bfb5aee03
V078,enthalten|enthalten|enthalten,nein|nein|nein,nein,ja,nein,nein,"Behauptet am Ende zwei gestohlene Fortschrittskarten von Ben, obwohl die erste Spionage von Anna stammt und Ben nur eine stehlbare Karte hat; S&R S. 16, Spionage.",2026-09-29T06:09:34.791Z,2026-09-29T06:09:34.791Z,0,4f8a7960ba1e7f55e1f5a30066b245eb4c52683a954cab6f8c69215bfb5aee03
V079,fehlt|enthalten|enthalten,nein|nein|nein,nein,nein,nein,nein,,2026-09-29T06:09:50.321Z,2026-09-29T06:09:50.321Z,0,4f8a7960ba1e7f55e1f5a30066b245eb4c52683a954cab6f8c69215bfb5aee03
V080,enthalten|enthalten|enthalten,nein|nein|nein,nein,nein,nein,nein,,2026-09-29T06:10:06.753Z,2026-09-29T06:10:06.753Z,0,4f8a7960ba1e7f55e1f5a30066b245eb4c52683a954cab6f8c69215bfb5aee03
V081,enthalten|enthalten|enthalten|enthalten,nein|nein|nein|nein,nein,nein,nein,nein,,2026-09-29T06:10:22.815Z,2026-09-29T06:10:22.815Z,0,4f8a7960ba1e7f55e1f5a30066b245eb4c52683a954cab6f8c69215bfb5aee03
V082,enthalten|enthalten|enthalten|enthalten,nein|nein|nein|nein,nein,nein,nein,nein,,2026-09-29T06:10:33.565Z,2026-09-29T06:10:33.565Z,0,4f8a7960ba1e7f55e1f5a30066b245eb4c52683a954cab6f8c69215bfb5aee03
V083,enthalten|enthalten|enthalten|enthalten,nein|nein|nein|nein,ja,nein,ja,nein,"Nennt drei und vier Erz, zählt nach Gebäuden und doppelter Stadtproduktion. Verneint zunächst den Bau und erlaubt ihn später.",2026-09-29T06:10:58.379Z,2026-09-29T06:10:58.379Z,0,4f8a7960ba1e7f55e1f5a30066b245eb4c52683a954cab6f8c69215bfb5aee03
V084,falsch|falsch|enthalten|enthalten,nein|ja|nein|nein,ja,nein,ja,nein,"Nennt drei und vier Erz, zählt nach Gebäuden und doppelter Stadtproduktion. Verneint zunächst den Bau und erlaubt ihn später.",2026-09-29T06:11:38.757Z,2026-09-29T06:11:38.757Z,0,4f8a7960ba1e7f55e1f5a30066b245eb4c52683a954cab6f8c69215bfb5aee03
V085,falsch|falsch,ja|nein|nein|ja,ja,nein,nein,ja,Überträgt die Abgabe aller Karten vom Grundspiel-Monopol und erhält dadurch sechs Papier sowie zwei Getreide.,2026-09-29T06:12:05.085Z,2026-09-29T06:12:05.085Z,0,4f8a7960ba1e7f55e1f5a30066b245eb4c52683a954cab6f8c69215bfb5aee03
V086,enthalten|enthalten,nein|nein|nein|nein,nein,nein,nein,nein,,2026-09-29T06:12:26.299Z,2026-09-29T06:12:26.299Z,0,4f8a7960ba1e7f55e1f5a30066b245eb4c52683a954cab6f8c69215bfb5aee03
V087,enthalten|enthalten,nein|nein|nein|nein,nein,nein,nein,nein,,2026-09-29T06:12:45.729Z,2026-09-29T06:12:45.729Z,0,4f8a7960ba1e7f55e1f5a30066b245eb4c52683a954cab6f8c69215bfb5aee03
V088,falsch|falsch,ja|nein|ja|ja,ja,nein,nein,ja,Verlangt alle Papierkarten und schließt Handelswaren fälschlich vom Hafenhandel aus.,2026-09-29T06:13:04.219Z,2026-09-29T06:13:04.219Z,0,4f8a7960ba1e7f55e1f5a30066b245eb4c52683a954cab6f8c69215bfb5aee03
V089,enthalten|enthalten|enthalten|enthalten,nein|nein|nein,nein,nein,nein,nein,,2026-09-29T06:13:26.055Z,2026-09-29T06:13:26.055Z,0,4f8a7960ba1e7f55e1f5a30066b245eb4c52683a954cab6f8c69215bfb5aee03
V090,falsch|falsch|falsch|falsch,ja|ja|ja,ja,nein,ja,nein,Verwechselt Hochzeit mit Handkartenabgabe bei 7; verlangt dennoch bei fünf Karten eine Abgabe und verwechselt die spielende Person.,2026-09-29T06:13:48.054Z,2026-09-29T06:13:48.054Z,0,4f8a7960ba1e7f55e1f5a30066b245eb4c52683a954cab6f8c69215bfb5aee03
V091,enthalten|enthalten|falsch|enthalten,ja|nein|nein,nein,nein,ja,nein,"Clara soll zunächst zwei Karten abgeben, später keine. Korrekte spätere Erklärung hebt den Fehler nicht auf.",2026-09-29T06:14:06.715Z,2026-09-29T06:14:06.715Z,0,4f8a7960ba1e7f55e1f5a30066b245eb4c52683a954cab6f8c69215bfb5aee03
V092,enthalten|enthalten|enthalten|enthalten,nein|nein|nein,nein,nein,nein,nein,,2026-09-29T06:14:39.201Z,2026-09-29T06:14:39.201Z,0,4f8a7960ba1e7f55e1f5a30066b245eb4c52683a954cab6f8c69215bfb5aee03
V093,enthalten|enthalten|enthalten,nein|nein|nein,nein,ja,ja,nein,"Verneint zunächst den Bau durch vorherigen Handel, beschreibt anschließend den korrekten Weg. Handel und Bau dürfen kombiniert werden, GS S. 7.",2026-09-29T06:16:11.488Z,2026-09-29T06:16:11.488Z,0,4f8a7960ba1e7f55e1f5a30066b245eb4c52683a954cab6f8c69215bfb5aee03
V094,enthalten|enthalten|enthalten,nein|nein|nein,nein,nein,nein,nein,,2026-09-29T06:16:27.327Z,2026-09-29T06:16:27.327Z,0,4f8a7960ba1e7f55e1f5a30066b245eb4c52683a954cab6f8c69215bfb5aee03
V095,falsch|falsch|enthalten,nein|ja|nein,ja,nein,ja,nein,Tauscht gegen Erz statt Getreide und nennt zunächst Holz/Erz als Baukosten. Behauptet sowohl Stadtbau als auch Unmöglichkeit.,2026-09-29T06:16:48.145Z,2026-09-29T06:16:48.145Z,0,4f8a7960ba1e7f55e1f5a30066b245eb4c52683a954cab6f8c69215bfb5aee03
V096,enthalten|enthalten|enthalten,nein|nein|nein,nein,nein,nein,nein,,2026-09-29T06:16:57.452Z,2026-09-29T06:16:57.452Z,0,4f8a7960ba1e7f55e1f5a30066b245eb4c52683a954cab6f8c69215bfb5aee03
V097,enthalten|falsch|falsch,nein|ja|ja,ja,nein,ja,nein,Behauptet Rückübernahme trotz Sicherung auf Stufe fünf und verneint zusätzliche Metropolenpunkte.,2026-09-29T06:17:16.917Z,2026-09-29T06:17:16.917Z,0,4f8a7960ba1e7f55e1f5a30066b245eb4c52683a954cab6f8c69215bfb5aee03
V098,enthalten|falsch|falsch,nein|ja|ja,ja,nein,ja,nein,Rückübernahme bei Gleichstand widerspricht der selbst genannten Besitzerregel; außerdem nur zwei Punkte nach Übernahme.,2026-09-29T06:17:37.827Z,2026-09-29T06:17:37.827Z,0,4f8a7960ba1e7f55e1f5a30066b245eb4c52683a954cab6f8c69215bfb5aee03
V099,enthalten|enthalten|falsch,nein|ja|nein,ja,nein,nein,nein,Vier Punkte für die Metropolenstadt richtig. Annas spätere Rückübernahme ist falsch; die zwei Punkte beziehen sich ausdrücklich auf den behaupteten späteren Verlust.,2026-09-29T06:17:58.553Z,2026-09-29T06:17:58.553Z,0,4f8a7960ba1e7f55e1f5a30066b245eb4c52683a954cab6f8c69215bfb5aee03
V100,enthalten|enthalten|enthalten,nein|nein|nein,nein,ja,nein,nein,"Hauptantwort richtig. Zusatz „erst nach fünftem Ausbau in einem anderen Bereich“ ist falsch: Eine Metropole kann dort bereits auf Stufe vier entstehen, S&R S. 10–11.",2026-09-29T06:18:14.927Z,2026-09-29T06:18:14.927Z,0,4f8a7960ba1e7f55e1f5a30066b245eb4c52683a954cab6f8c69215bfb5aee03
V101,falsch|falsch,nein|ja,ja,nein,nein,nein,Zwölf statt dreizehn als Siegschwelle; dadurch zwei statt drei fehlende Punkte.,2026-09-29T06:18:40.681Z,2026-09-29T06:18:40.681Z,0,4f8a7960ba1e7f55e1f5a30066b245eb4c52683a954cab6f8c69215bfb5aee03
V102,fehlt|enthalten,nein|nein,nein,nein,nein,nein,,2026-09-29T06:18:51.833Z,2026-09-29T06:18:51.833Z,0,4f8a7960ba1e7f55e1f5a30066b245eb4c52683a954cab6f8c69215bfb5aee03
V103,enthalten|enthalten,nein|nein,nein,nein,nein,nein,,2026-09-29T06:19:10.731Z,2026-09-29T06:19:10.731Z,0,4f8a7960ba1e7f55e1f5a30066b245eb4c52683a954cab6f8c69215bfb5aee03
V104,enthalten|enthalten,nein|nein,nein,nein,nein,nein,,2026-09-29T06:19:20.353Z,2026-09-29T06:19:20.353Z,0,4f8a7960ba1e7f55e1f5a30066b245eb4c52683a954cab6f8c69215bfb5aee03
V105,enthalten|enthalten|enthalten|enthalten,nein|nein|nein|nein,nein,nein,nein,nein,,2026-09-29T06:19:42.445Z,2026-09-29T06:19:42.445Z,0,4f8a7960ba1e7f55e1f5a30066b245eb4c52683a954cab6f8c69215bfb5aee03
V106,enthalten|enthalten|enthalten|enthalten,nein|nein|nein|nein,nein,nein,nein,nein,,2026-09-29T06:19:51.087Z,2026-09-29T06:19:51.087Z,0,4f8a7960ba1e7f55e1f5a30066b245eb4c52683a954cab6f8c69215bfb5aee03
V107,enthalten|enthalten|enthalten|enthalten,nein|nein|nein|nein,nein,nein,nein,nein,,2026-09-29T06:19:59.295Z,2026-09-29T06:19:59.295Z,0,4f8a7960ba1e7f55e1f5a30066b245eb4c52683a954cab6f8c69215bfb5aee03
V108,enthalten|enthalten|enthalten|enthalten,nein|nein|nein|nein,nein,nein,nein,nein,,2026-09-29T06:20:09.973Z,2026-09-29T06:20:09.973Z,0,4f8a7960ba1e7f55e1f5a30066b245eb4c52683a954cab6f8c69215bfb5aee03
V109,enthalten|enthalten|enthalten,nein|nein|nein,nein,nein,nein,nein,,2026-09-29T06:20:20.923Z,2026-09-29T06:20:20.923Z,0,4f8a7960ba1e7f55e1f5a30066b245eb4c52683a954cab6f8c69215bfb5aee03
V110,fehlt|enthalten|enthalten,nein|nein|nein,nein,nein,nein,nein,,2026-09-29T06:20:32.057Z,2026-09-29T06:20:32.057Z,0,4f8a7960ba1e7f55e1f5a30066b245eb4c52683a954cab6f8c69215bfb5aee03
V111,falsch|falsch|enthalten,ja|nein|nein,ja,nein,nein,nein,Verneint den Ausgleich bei Blockade und erfindet zusätzliche Produktion auf Stadtfeldern als Wirkung.,2026-09-29T06:20:57.783Z,2026-09-29T06:20:57.783Z,0,4f8a7960ba1e7f55e1f5a30066b245eb4c52683a954cab6f8c69215bfb5aee03
V112,enthalten|enthalten|enthalten,nein|nein|nein,nein,nein,nein,nein,,2026-09-29T06:21:09.395Z,2026-09-29T06:21:09.395Z,0,4f8a7960ba1e7f55e1f5a30066b245eb4c52683a954cab6f8c69215bfb5aee03
V113,enthalten|falsch|falsch|falsch,nein|ja|nein|ja,ja,nein,ja,nein,"Erlaubt Tausch mit Ben, verweigert Clara und nennt Papier/Tuch Rohstoffe. Zwei angebliche Tauschpartner sollen insgesamt drei Holz verbrauchen.",2026-09-29T06:21:37.315Z,2026-09-29T06:21:37.315Z,0,4f8a7960ba1e7f55e1f5a30066b245eb4c52683a954cab6f8c69215bfb5aee03
V114,enthalten|enthalten|enthalten|enthalten,nein|nein|nein|nein,nein,ja,nein,nein,"Ergebnis und konkrete 1:1-Handlungen richtig; begründet die Fortschrittskarte aber zusätzlich mit dem anderen Mechanismus eines 3:1-Hafens. S&R S. 15, Handelshafen; Hafenhandel S. 8.",2026-09-29T06:22:03.085Z,2026-09-29T06:22:03.085Z,0,4f8a7960ba1e7f55e1f5a30066b245eb4c52683a954cab6f8c69215bfb5aee03
V115,enthalten|enthalten|enthalten|enthalten,nein|nein|nein|nein,nein,nein,nein,nein,,2026-09-29T06:22:14.183Z,2026-09-29T06:22:14.183Z,0,4f8a7960ba1e7f55e1f5a30066b245eb4c52683a954cab6f8c69215bfb5aee03
V116,enthalten|falsch|enthalten|falsch,nein|nein|ja|ja,nein,nein,ja,nein,"Ben tauscht ausdrücklich nicht, trotzdem werden insgesamt drei Holz abgezogen. Zwei erfolgreiche Tausche zu je einem Holz passen nicht zum behaupteten Verbrauch.",2026-09-29T06:22:33.989Z,2026-09-29T06:22:33.989Z,0,4f8a7960ba1e7f55e1f5a30066b245eb4c52683a954cab6f8c69215bfb5aee03
V117,enthalten|enthalten|enthalten,nein|nein|nein,nein,nein,nein,nein,,2026-09-29T06:23:26.053Z,2026-09-29T06:23:26.053Z,0,4f8a7960ba1e7f55e1f5a30066b245eb4c52683a954cab6f8c69215bfb5aee03
V118,falsch|falsch|enthalten,ja|nein|nein,ja,nein,nein,nein,Überträgt den regulären Stadtertrag auf die Gründungsphase; späterer Ertrag richtig,2026-09-29T06:23:47.133Z,2026-09-29T06:24:52.603Z,1,4f8a7960ba1e7f55e1f5a30066b245eb4c52683a954cab6f8c69215bfb5aee03
V119,falsch|falsch|falsch,nein|nein|nein,ja,nein,nein,nein,Verneint Startrohstoffe und ordnet dem Hügelland Erz statt Lehm zu. Keines der drei speziellen K trifft genau diesen Fehler; P und R erfassen ihn trotzdem.,2026-09-29T06:24:27.543Z,2026-09-29T06:24:27.543Z,0,4f8a7960ba1e7f55e1f5a30066b245eb4c52683a954cab6f8c69215bfb5aee03
V120,enthalten|enthalten|enthalten,nein|nein|ja,ja,nein,nein,nein,"Zwei Lehm richtig genannt, aber zusätzlich Papier für Hügelland erfunden. Dieser Fehler wird bereits durch K3 und die falsche Regelbegründung erfasst.",2026-09-29T06:25:26.550Z,2026-09-29T06:25:26.550Z,0,4f8a7960ba1e7f55e1f5a30066b245eb4c52683a954cab6f8c69215bfb5aee03
