fall_id,frage,antwort,referenzantwort,zwingende_aussagen,fehlerkriterien,korrektheit,notiz
F020,"Bei CATAN – Städte & Ritter spiele ich nach dem Würfeln „Spionage“ und nehme Anna eine weitere Spionage-Karte ab. Ben besitzt die offene Siegpunktkarte „Buchdruck“ und eine verdeckte „Medizin“. Wie komme ich mit der genommenen Karte noch in diesem Zug an Bens Medizin, und könnte ich stattdessen Buchdruck nehmen?","Du darfst mit der Spionage-Karte eine beliebige Fortschrittskarte eines Mitspielers ansehen und eine davon nehmen, außer Siegpunktkarten. Die „Medizin“ ist eine Fortschrittskarte, die du nehmen darfst, die „Buchdruck“ als offene Siegpunktkarte jedoch nicht. Da du die Spionage-Karte sofort einsetzen darfst, kannst du sie direkt nach dem Ziehen der Karte ausspielen, auch wenn das normalerweise erst nach dem Würfeln erlaubt ist. So kannst du im selben Zug mit der zweiten Spionage-Karte erneut eine Karte von Ben stehlen. Buchdruck kannst du nicht nehmen, da Siegpunktkarten vom Stehlen ausgeschlossen sind. Somit bekommst du mit zwei Spionage-Karten in einem Zug zwei Fortschrittskarten von Ben, aber keine Siegpunktkarte.","Ich darf die gerade genommene Spionage sofort ausspielen und damit Bens Medizin nehmen. Buchdruck darf ich nicht nehmen, weil Siegpunktkarten von Spionage ausgenommen sind.","gestohlene Spionage darf sofort eingesetzt werden | Medizin darf genommen werden | Buchdruck nicht, weil Siegpunktkarte",sofortiger Einsatz wird verneint | Siegpunktkarte darf genommen werden | Begrenzung auf eine Fortschrittskarte je Zug behauptet,1,
F021,"Bei CATAN – Städte & Ritter möchte ich eine Siedlung zur Stadt ausbauen. Ich besitze zwei Fortschrittskarten „Medizin“ und möchte beide für denselben Stadtbau einsetzen. Welche Kosten gelten, und senken zwei Karten die Kosten weiter?","Du kannst nur eine „Medizin“-Karte pro Stadtbau einsetzen, zwei Karten dürfen nicht kombiniert werden. Die Kosten für den Stadtbau sind normalerweise 2 Getreide und 3 Erz. Mit einer „Medizin“-Karte sparst du 1 Erz und 1 Getreide, zahlst also nur 1 Getreide und 2 Erz. Setzt du zwei „Medizin“-Karten gleichzeitig ein, ist das nicht erlaubt laut Regel. Daher gelten entweder die normalen Kosten (ohne Karte) oder die ermäßigten Kosten mit einer Karte, aber nicht weiter reduziert durch zwei Karten. Die zweite Karte kannst du erst bei einem anderen Stadtbau verwenden. Die Regel schließt eine Kombination von zwei „Medizin“-Karten für denselben Ausbau ausdrücklich aus. Somit zahlst du maximal 1 Getreide und 2 Erz für den Stadtbau mit einer „Medizin“-Karte.","Mit einer Medizin-Karte kostet der Stadtbau 2 Erz und 1 Getreide. Zwei Karten dürfen für denselben Stadtbau nicht kombiniert werden, die Kosten sinken also nicht weiter.",2 Erz und 1 Getreide | zwei Karten sind nicht kombinierbar,Kombination beider Karten erlaubt | abweichende Kosten genannt | reguläre Stadtkosten trotz Medizin verlangt,2,
F023,"Bei CATAN – Städte & Ritter besitzt Anna die Handelsmetropole und hat Handel bis zur vierten Stufe ausgebaut. Ben erreicht als Erster die fünfte Handelsstufe und hat eine Stadt ohne Metropolenaufsatz zur Verfügung. Später erreicht auch Anna die fünfte Handelsstufe. Wer besitzt die Handelsmetropole nach Bens Ausbau und wer nach Annas späterem Ausbau, und wie viele Siegpunkte zählt Bens betroffene Stadt unmittelbar nach der Übernahme insgesamt?","Nach Bens Erreichen der fünften Handelsstufe verliert Anna die Handelsmetropole, da eine andere Person vor ihr die fünfte Ausbaustufe im selben Bereich erreicht hat. Ben setzt seinen Metropolenaufsatz auf eine seiner Städte ohne Metropole. Später, wenn auch Anna die fünfte Handelsstufe erreicht, behält Ben die Metropole, da eine Metropole ab der fünften Stufe sicher ist und nicht mehr verloren gehen kann. Die betroffene Stadt von Ben zählt unmittelbar nach der Übernahme 4 Siegpunkte (2 für die Stadt + 2 für die Metropole). Anna besitzt nach Bens Ausbau keine Handelsmetropole mehr, erst nach ihrem eigenen fünften Ausbau in einem anderen Bereich könnte sie wieder eine Metropole errichten.","Ben übernimmt die Handelsmetropole, sobald er als Erster die fünfte Handelsstufe erreicht: Anna nimmt ihren Aufsatz herunter, Ben setzt seinen auf eine eigene Stadt. Diese Stadt zählt dann insgesamt 4 Siegpunkte, nämlich 2 für die Stadt und 2 für die Metropole. Annas späterer Ausbau auf Stufe fünf holt die Metropole nicht zurück, weil Bens Metropole mit der fünften Ausbaustufe gesichert ist.",Ben erhält die Metropole | Bens Stadt zählt 4 Siegpunkte | Anna bekommt sie später nicht zurück,Anna behält die Metropole | Anna erhält sie mit ihrer fünften Stufe zurück | abweichender Siegpunktwert der Metropolenstadt,1,
F024,"Bei CATAN – Städte & Ritter spiele ich nach dem Würfeln „Spionage“ und nehme Anna eine weitere Spionage-Karte ab. Ben besitzt die offene Siegpunktkarte „Buchdruck“ und eine verdeckte „Medizin“. Wie komme ich mit der genommenen Karte noch in diesem Zug an Bens Medizin, und könnte ich stattdessen Buchdruck nehmen?","Du kannst mit der Spionage-Karte nur eine verdeckte Fortschrittskarte eines Mitspielers ansehen und dann eine Karte aus dessen Hand stehlen. Da Bens „Medizin“ verdeckt ist, kannst du diese Karte stehlen, wenn du sie vorher gesehen hast. Die offene Karte „Buchdruck“ kannst du nicht stehlen, da sie offen vor Ben liegt und keine Handkarte ist. Um an die „Medizin“ zu kommen, musst du also zuerst mit Spionage die verdeckte Karte anschauen und dann entscheiden, ob du sie nimmst. Ein Stehlen der offenen „Buchdruck“-Karte ist nicht möglich.","Ich darf die gerade genommene Spionage sofort ausspielen und damit Bens Medizin nehmen. Buchdruck darf ich nicht nehmen, weil Siegpunktkarten von Spionage ausgenommen sind.","gestohlene Spionage darf sofort eingesetzt werden | Medizin darf genommen werden | Buchdruck nicht, weil Siegpunktkarte",sofortiger Einsatz wird verneint | Siegpunktkarte darf genommen werden | Begrenzung auf eine Fortschrittskarte je Zug behauptet,1,
F028,"Bei CATAN – Städte & Ritter steht mein Händler auf einem Waldfeld, auf dem auch der Räuber steht. Ich möchte zwei Holz gegen ein Erz tauschen. Ist dieser Tausch möglich, und warum?","Ja, der Tausch ist möglich. Laut darf mit dem Händler auch getauscht werden, wenn der Räuber auf demselben Landschaftsfeld steht. Der Händler ermöglicht dir, Rohstoffe des Landschaftsfelds, auf dem er steht (hier Holz vom Waldfeld), im Verhältnis 2:1 zu tauschen. Daher kannst du zwei Holz gegen ein Erz tauschen, obwohl der Räuber auf dem Waldfeld steht.","Ja. Solange der Händler auf dem Waldfeld steht, darf ich dessen Rohstoff Holz im Verhältnis 2:1 tauschen. Der Räuber auf demselben Feld verhindert den Handel mit dem Händler nicht.","Ja, der Tausch ist möglich | der Räuber hindert den Händler nicht",Tausch wegen des Räubers verweigert | anderes Tauschverhältnis als 2:1 genannt | Händler müsse erst versetzt werden,2,
F029,"Bei CATAN – Städte & Ritter spiele ich „Handelshafen“. Ich besitze drei Holz und biete Anna, Ben und Clara je ein Holz an. Anna hat ein Papier und ein Tuch, Ben nur Rohstoffe, Clara genau eine Münze. Welche Tauschgeschäfte finden statt, wer bestimmt Annas Karte, und wie viel Holz habe ich danach noch?","Ergebnis: Du kannst mit Anna und Clara handeln, nicht mit Ben. Anna bestimmt, ob sie Papier oder Tuch gibt, da sie beide Handelswaren besitzt. Du gibst jeweils 1 Holz an Anna und Clara, erhältst von Anna 1 Handelsware (Papier oder Tuch) und von Clara 1 Münze. Ben hat nur Rohstoffe, kein passendes Tauschgut für Handelswaren, daher kein Handel. Du gibst insgesamt 2 Holz ab, von deinen 3 Holz bleiben dir danach 1 Holz. Begründung: Laut darfst du mit dem 3:1-Hafen 3 gleiche Rohstoffe gegen 1 Handelsware tauschen, oder Handelswaren gegen Rohstoffe/Handelswaren. Hier bietest du Holz an, also Rohstoff gegen Handelsware. Anna hat Papier und Tuch (Handelswaren), Clara hat Münze (Handelsware), Ben nur Rohstoffe. Handel ist nur möglich, wenn die andere Seite passende Karten hat. Anna wählt, welche Handelsware sie gibt. Du gibst 1 Holz pro Handel ab, also 2 Holz insgesamt.","Anna gibt mir eine Handelsware ihrer Wahl und erhält ein Holz. Bei Ben entfällt der Tausch, weil er keine Handelsware besitzt; sein Holz behalte ich. Clara gibt mir ihre Münze und erhält ein Holz. Danach habe ich noch 1 Holz und zwei Handelswaren.","Anna wählt selbst, Tausch findet statt | bei Ben entfällt der Tausch, das Holz bleibt bei mir | Clara gibt ihre Münze | 1 Holz bleibt",die spielende Person wählt Annas Karte aus | Ben muss einen Rohstoff geben | das für Ben angebotene Holz geht verloren | falscher Holzbestand,0,
F030,"Bei CATAN – Städte & Ritter möchte ich eine Siedlung zur Stadt ausbauen. Ich besitze zwei Fortschrittskarten „Medizin“ und möchte beide für denselben Stadtbau einsetzen. Welche Kosten gelten, und senken zwei Karten die Kosten weiter?","Du darfst nicht beide „Medizin“-Karten gleichzeitig für denselben Stadtbau einsetzen. Pro sparst du mit einer Karte 1 Erz und 1 Getreide, zahlst also nur 1 Erz und 1 Getreide statt 2 Erz und 2 Getreide. Zwei Karten zusammen angewendet sind nicht erlaubt, daher gelten die normalen Kosten minus der Ersparnis einer Karte: 1 Erz und 1 Getreide. Ein weiterer Rabatt durch die zweite Karte ist nicht möglich.","Mit einer Medizin-Karte kostet der Stadtbau 2 Erz und 1 Getreide. Zwei Karten dürfen für denselben Stadtbau nicht kombiniert werden, die Kosten sinken also nicht weiter.",2 Erz und 1 Getreide | zwei Karten sind nicht kombinierbar,Kombination beider Karten erlaubt | abweichende Kosten genannt | reguläre Stadtkosten trotz Medizin verlangt,0,
F034,"Bei CATAN – Städte & Ritter möchte ich eine Siedlung zur Stadt ausbauen. Ich besitze zwei Fortschrittskarten „Medizin“ und möchte beide für denselben Stadtbau einsetzen. Welche Kosten gelten, und senken zwei Karten die Kosten weiter?","Du kannst pro Stadtbau nur eine Fortschrittskarte „Medizin“ einsetzen, die die Kosten um 1 Erz senkt. Die Kosten für den Ausbau von Siedlung zu Stadt betragen normalerweise 3 Erz und 2 Getreide. Mit einer „Medizin“-Karte zahlst du also 2 Erz und 2 Getreide. Zwei „Medizin“-Karten können nicht kombiniert werden, um die Kosten weiter zu senken. Die Regel erlaubt nur eine Karte pro Bauaktion einzusetzen.","Mit einer Medizin-Karte kostet der Stadtbau 2 Erz und 1 Getreide. Zwei Karten dürfen für denselben Stadtbau nicht kombiniert werden, die Kosten sinken also nicht weiter.",2 Erz und 1 Getreide | zwei Karten sind nicht kombinierbar,Kombination beider Karten erlaubt | abweichende Kosten genannt | reguläre Stadtkosten trotz Medizin verlangt,0,
F036,"Bei CATAN – Städte & Ritter spiele ich „Handelsflotte“ und lege Papier als Sorte fest. Ich besitze fünf Papier und zwei Wolle; andere Tauschmöglichkeiten nutze ich nicht, der Vorrat ist ausreichend. Wie viel Erz kann ich darüber höchstens erhalten, und welche meiner Karten bleiben übrig?","Du kannst höchstens 2 Erz erhalten. Begründung: Mit der Handelsflotte darfst du beliebig viele Karten der festgelegten Sorte (Papier) gegen eine andere Sorte tauschen, aber immer im Verhältnis 2:1. Du hast 5 Papier, also kannst du 4 Papier in 2 Erz tauschen (je 2 Papier für 1 Erz). Die 1 Papier bleibt übrig, da du keine halben Tauschvorgänge machen kannst. Deine 2 Wolle bleiben ebenfalls unberührt, da du sie nicht tauschst. Ergebnis: Du gibst 4 Papier ab, erhältst 2 Erz, und behältst 1 Papier sowie 2 Wolle.","Ich tausche zweimal 2 Papier gegen 1 Erz und erhalte 2 Erz. Übrig bleiben 1 Papier und 2 Wolle: Die Wolle darf über dieselbe Handelsflotte nicht getauscht werden, weil ich Papier als Sorte festgelegt habe, und Kombinationen sind nicht erlaubt.","2 Erz | 1 Papier und 2 Wolle bleiben | nur die festgelegte Sorte, keine Kombination",Wolle wird über dieselbe Karte mitgetauscht | Papier und Wolle werden kombiniert | falsche Anzahl Erz oder falscher Rest,2,
F037,"Bei CATAN – Städte & Ritter besitzt Anna die Handelsmetropole und hat Handel bis zur vierten Stufe ausgebaut. Ben erreicht als Erster die fünfte Handelsstufe und hat eine Stadt ohne Metropolenaufsatz zur Verfügung. Später erreicht auch Anna die fünfte Handelsstufe. Wer besitzt die Handelsmetropole nach Bens Ausbau und wer nach Annas späterem Ausbau, und wie viele Siegpunkte zählt Bens betroffene Stadt unmittelbar nach der Übernahme insgesamt?","Nach Bens Erreichen der fünften Handelsstufe erhält Ben die Handelsmetropole, da er als Erster die fünfte Stufe erreicht hat. Anna verliert dadurch die Handelsmetropole. Später, wenn Anna ebenfalls die fünfte Handelsstufe erreicht, nimmt sie die Handelsmetropole von Ben und baut sie auf ihre eigene Stadt auf. Die Metropole kann nicht verloren werden, solange der Spieler die fünfte Stufe hält. Bens Stadt, die die Metropole verliert, zählt danach nur noch als normale Stadt ohne Metropolenaufsatz, also 2 Siegpunkte. Die Metropole selbst bringt keinen zusätzlichen Siegpunkt, sondern kennzeichnet nur den Besitz der höchsten Ausbaustufe im Bereich Handel.","Ben übernimmt die Handelsmetropole, sobald er als Erster die fünfte Handelsstufe erreicht: Anna nimmt ihren Aufsatz herunter, Ben setzt seinen auf eine eigene Stadt. Diese Stadt zählt dann insgesamt 4 Siegpunkte, nämlich 2 für die Stadt und 2 für die Metropole. Annas späterer Ausbau auf Stufe fünf holt die Metropole nicht zurück, weil Bens Metropole mit der fünften Ausbaustufe gesichert ist.",Ben erhält die Metropole | Bens Stadt zählt 4 Siegpunkte | Anna bekommt sie später nicht zurück,Anna behält die Metropole | Anna erhält sie mit ihrer fünften Stufe zurück | abweichender Siegpunktwert der Metropolenstadt,0,
F043,"Welche Tauschverhältnisse stehen mir im CATAN-Grundspiel mit dem Vorrat und an den beiden Hafenarten zur Verfügung, und welche Voraussetzung muss ich für einen Hafen erfüllen?","Im CATAN-Grundspiel kannst du mit dem Vorrat standardmäßig 4:1 tauschen, also vier gleiche Rohstoffe gegen einen beliebigen. An den Häfen gibt es zwei Arten: 3:1-Häfen, an denen du drei gleiche Rohstoffe gegen einen beliebigen tauschen kannst, und 2:1-Häfen, die auf einen bestimmten Rohstoff spezialisiert sind (z.B. Holz 2:1). Voraussetzung für die Nutzung eines Hafens ist, dass du eine deiner Siedlungen oder Städte direkt an diesem Hafenplatz gebaut hast. Nur dann kannst du die günstigeren Tauschverhältnisse des Hafens nutzen. Ohne Hafen gilt immer der 4:1-Tausch mit dem Vorrat.","Mit dem Vorrat darf ich jederzeit 4 gleiche Rohstoffkarten gegen 1 beliebige andere tauschen. An einem 3:1-Hafen tausche ich 3 gleiche Rohstoffkarten gegen 1 beliebige andere, an einem 2:1-Hafen 2 Karten der auf dem Hafen angegebenen Sorte gegen 1 beliebige andere. Einen Hafen darf ich nur nutzen, wenn ich dort eine Siedlung oder Stadt besitze.",4:1 mit dem Vorrat | 3:1-Hafen: 3 gleiche Rohstoffe | 2:1-Hafen nur für die angegebene Sorte | Siedlung oder Stadt am Hafenstandort nötig,"abweichendes Tauschverhältnis | 2:1-Hafen gilt angeblich für jede Rohstoffsorte | Hafen ohne eigenes Bauwerk nutzbar | Handelswaren erwähnt, die es im Grundspiel nicht gibt",2,
F044,"Bei CATAN – Städte & Ritter spiele ich „Handelsflotte“ und lege Papier als Sorte fest. Ich besitze fünf Papier und zwei Wolle; andere Tauschmöglichkeiten nutze ich nicht, der Vorrat ist ausreichend. Wie viel Erz kann ich darüber höchstens erhalten, und welche meiner Karten bleiben übrig?","Du kannst maximal 2 Erz erhalten. Begründung: Mit „Handelsflotte“ darfst du beliebig oft im Verhältnis 2:1 tauschen, aber immer nur mit derselben Rohstoff- oder Handelswarensorte, hier Papier. Du hast 5 Papier, also kannst du zweimal 2 Papier gegen 1 Erz tauschen (2x2=4 Papier), das fünfte Papier bleibt übrig. Wolle wird nicht getauscht. Nach dem Tausch hast du 1 Papier und 2 Wolle übrig, und erhältst 2 Erz.","Ich tausche zweimal 2 Papier gegen 1 Erz und erhalte 2 Erz. Übrig bleiben 1 Papier und 2 Wolle: Die Wolle darf über dieselbe Handelsflotte nicht getauscht werden, weil ich Papier als Sorte festgelegt habe, und Kombinationen sind nicht erlaubt.","2 Erz | 1 Papier und 2 Wolle bleiben | nur die festgelegte Sorte, keine Kombination",Wolle wird über dieselbe Karte mitgetauscht | Papier und Wolle werden kombiniert | falsche Anzahl Erz oder falscher Rest,2,
F051,"Welche Tauschverhältnisse stehen mir im CATAN-Grundspiel mit dem Vorrat und an den beiden Hafenarten zur Verfügung, und welche Voraussetzung muss ich für einen Hafen erfüllen?","Du kannst im CATAN-Grundspiel mit dem Vorrat immer 4 gleiche Rohstoffkarten gegen 1 beliebige andere tauschen (4:1). An einem 3:1-Hafen kannst du 3 gleiche Rohstoffkarten gegen 1 beliebige andere tauschen (3:1). An einem 2:1-Hafen tauscht du 2 gleiche Rohstoffkarten der auf dem Hafen angegebenen Sorte gegen 1 beliebige andere (2:1). Voraussetzung für den Hafenhandel ist, dass du eine Siedlung oder Stadt an dem Hafenstandort besitzt. Nur dann darfst du die günstigeren Tauschverhältnisse der Häfen nutzen.","Mit dem Vorrat darf ich jederzeit 4 gleiche Rohstoffkarten gegen 1 beliebige andere tauschen. An einem 3:1-Hafen tausche ich 3 gleiche Rohstoffkarten gegen 1 beliebige andere, an einem 2:1-Hafen 2 Karten der auf dem Hafen angegebenen Sorte gegen 1 beliebige andere. Einen Hafen darf ich nur nutzen, wenn ich dort eine Siedlung oder Stadt besitze.",4:1 mit dem Vorrat | 3:1-Hafen: 3 gleiche Rohstoffe | 2:1-Hafen nur für die angegebene Sorte | Siedlung oder Stadt am Hafenstandort nötig,"abweichendes Tauschverhältnis | 2:1-Hafen gilt angeblich für jede Rohstoffsorte | Hafen ohne eigenes Bauwerk nutzbar | Handelswaren erwähnt, die es im Grundspiel nicht gibt",2,
F054,"Bei CATAN – Städte & Ritter setze ich vor meinem Würfelwurf die Fortschrittskarte „Alchemie“ ein. Welche Würfelergebnisse darf ich damit selbst bestimmen, welchen Würfel muss ich weiterhin werfen, und was wird zuerst ausgeführt?","Du darfst mit der Fortschrittskarte „Alchemie“ die Ergebnisse beider Augenwürfel (2–12) selbst bestimmen, also auch eine 7 wählen. Den Ereigniswürfel musst du weiterhin normal würfeln. Zuerst wird das Ereignis des Ereigniswürfels ausgeführt, danach erhalten alle Spieler Rohstoffe entsprechend der von dir bestimmten Augenzahl. Die Karte darfst du nur vor dem Würfeln der Augenwürfel ausspielen, nicht danach.","Ich bestimme die Ergebnisse der beiden Augenwürfel selbst. Den Ereigniswürfel werfe ich weiterhin wie üblich, und sein Ereignis wird zuerst ausgeführt; erst danach gibt es die Erträge für die bestimmte Augenzahl.",beide Augenwürfel werden selbst bestimmt | Ereigniswürfel wird weiterhin geworfen | das Ereignis wird zuerst ausgeführt,auch der Ereigniswürfel darf bestimmt werden | Ertrag wird vor dem Ereignis abgehandelt | nur ein Augenwürfel darf bestimmt werden,2,
F057,"Bei CATAN – Städte & Ritter steht mein Händler auf einem Waldfeld, auf dem auch der Räuber steht. Ich möchte zwei Holz gegen ein Erz tauschen. Ist dieser Tausch möglich, und warum?","Ja, der Tausch ist möglich. Begründung: Laut Regel darf mit dem Händler auch dann im Verhältnis 2:1 getauscht werden, wenn der Räuber auf demselben Landschaftsfeld steht. Der Händler ermöglicht den 2:1-Tausch der Rohstoffe des Landschaftsfelds, auf dem er steht, unabhängig von der Anwesenheit des Räubers.","Ja. Solange der Händler auf dem Waldfeld steht, darf ich dessen Rohstoff Holz im Verhältnis 2:1 tauschen. Der Räuber auf demselben Feld verhindert den Handel mit dem Händler nicht.","Ja, der Tausch ist möglich | der Räuber hindert den Händler nicht",Tausch wegen des Räubers verweigert | anderes Tauschverhältnis als 2:1 genannt | Händler müsse erst versetzt werden,2,
F058,"Bei CATAN – Städte & Ritter habe ich in meinem eigenen Zug zwölf Siegpunkte, eine ausbaufähige Siedlung, zwei Erz und ein Getreide, und ich spiele „Medizin“. Eine Stadtfigur ist verfügbar. Wie viele Siegpunkte habe ich nach dem Stadtbau, und endet das Spiel dadurch?","Du hast nach dem Stadtbau 13 Siegpunkte. Begründung: Eine Stadt statt einer Siedlung bringt dir einen zusätzlichen Siegpunkt, also +1 Punkt. Du hattest 12 Punkte, baust eine Stadt und kommst auf 13. Das Spiel endet sofort, wenn ein Spieler 13 oder mehr Siegpunkte erreicht. Da du jetzt 13 Punkte hast, endet das Spiel in deinem Zug.","Mit Medizin baue ich die Siedlung für 2 Erz und 1 Getreide zur Stadt aus. Die Siedlung zählte 1 Siegpunkt, die Stadt zählt 2, ich gewinne also genau 1 Punkt hinzu und stehe bei 13. Da ich an der Reihe bin, gewinne ich, und das Spiel endet.","13 Siegpunkte | Zugewinn von genau 1 Punkt, nicht 2 | Spiel endet, ich gewinne","14 Siegpunkte, weil die Stadt voll gezählt wird | Schwelle 10 statt 13 (Grundspielregel übernommen) | Sieg wird verneint, obwohl 13 erreicht sind",2,
F062,"Bei CATAN – Städte & Ritter spiele ich nach dem Würfeln „Spionage“ und nehme Anna eine weitere Spionage-Karte ab. Ben besitzt die offene Siegpunktkarte „Buchdruck“ und eine verdeckte „Medizin“. Wie komme ich mit der genommenen Karte noch in diesem Zug an Bens Medizin, und könnte ich stattdessen Buchdruck nehmen?","Du kannst mit der genommenen Spionage-Karte sofort eine weitere Spionage-Aktion ausführen und so Bens verdeckte „Medizin“ stehlen. Das ist erlaubt, da in steht, dass man eine gestohlene Spionage-Karte sofort einsetzen darf. Die offene Siegpunktkarte „Buchdruck“ darf nicht gestohlen werden, daher kannst du diese nicht nehmen. Somit nimmst du zuerst Annas Spionage-Karte, setzt sie sofort ein, um Bens „Medizin“ zu stehlen, aber „Buchdruck“ bleibt unangetastet.","Ich darf die gerade genommene Spionage sofort ausspielen und damit Bens Medizin nehmen. Buchdruck darf ich nicht nehmen, weil Siegpunktkarten von Spionage ausgenommen sind.","gestohlene Spionage darf sofort eingesetzt werden | Medizin darf genommen werden | Buchdruck nicht, weil Siegpunktkarte",sofortiger Einsatz wird verneint | Siegpunktkarte darf genommen werden | Begrenzung auf eine Fortschrittskarte je Zug behauptet,2,
F063,"Bei CATAN – Städte & Ritter steht mein Händler auf einem Waldfeld, auf dem auch der Räuber steht. Ich möchte zwei Holz gegen ein Erz tauschen. Ist dieser Tausch möglich, und warum?","Der Tausch ist nicht möglich. In Städte & Ritter blockiert der Räuber das betroffene Rohstofffeld vollständig, sodass keine Rohstoffe von diesem Feld genommen oder gehandelt werden können. Da dein Händler auf dem Waldfeld mit Räuber steht, kannst du kein Holz von dort erhalten und somit auch keinen Tausch mit diesem Rohstoff durchführen.","Ja. Solange der Händler auf dem Waldfeld steht, darf ich dessen Rohstoff Holz im Verhältnis 2:1 tauschen. Der Räuber auf demselben Feld verhindert den Handel mit dem Händler nicht.","Ja, der Tausch ist möglich | der Räuber hindert den Händler nicht",Tausch wegen des Räubers verweigert | anderes Tauschverhältnis als 2:1 genannt | Händler müsse erst versetzt werden,0,
F066,Bei CATAN – Städte & Ritter erreiche ich in meinem eigenen Zug zehn Siegpunkte. Aus dem Grundspiel kenne ich diesen Wert als Siegbedingung. Wie viele Siegpunkte fehlen mir in dieser Partie noch zum Sieg?,"Du benötigst in CATAN – Städte & Ritter 13 Siegpunkte zum Sieg. Begründung: Laut ist das Ziel, als erster 13 Siegpunkte zu erreichen. Die 10 Siegpunkte aus dem Grundspiel reichen hier nicht aus, da die Erweiterung mehr Siegpunkte erfordert.","Drei Siegpunkte. Bei Städte & Ritter gewinnt, wer zuerst 13 Siegpunkte erreicht, und zwar wenn er selbst an der Reihe ist.",noch 3 Siegpunkte | 13 Siegpunkte sind nötig,10 Siegpunkte genügen (Grundspielregel übernommen) | andere Schwelle als 13 genannt,1,
F077,"Bei CATAN – Städte & Ritter setze ich vor meinem Würfelwurf die Fortschrittskarte „Alchemie“ ein. Welche Würfelergebnisse darf ich damit selbst bestimmen, welchen Würfel muss ich weiterhin werfen, und was wird zuerst ausgeführt?","Du darfst mit der Fortschrittskarte „Alchemie“ vor deinem Würfelwurf die Ergebnisse beider Augenwürfel (also der zwei normalen Würfel) selbst bestimmen, auch eine „7“ ist möglich. Den Ereigniswürfel (roter Würfel) musst du weiterhin würfeln. Zuerst wird das Ereignis des Ereigniswürfels ausgeführt, danach erhalten alle Spieler die Rohstoffe entsprechend der von dir bestimmten Augenzahl der beiden Augenwürfel. Die Karte „Alchemie“ darf nur vor dem Würfeln ausgespielt werden.","Ich bestimme die Ergebnisse der beiden Augenwürfel selbst. Den Ereigniswürfel werfe ich weiterhin wie üblich, und sein Ereignis wird zuerst ausgeführt; erst danach gibt es die Erträge für die bestimmte Augenzahl.",beide Augenwürfel werden selbst bestimmt | Ereigniswürfel wird weiterhin geworfen | das Ereignis wird zuerst ausgeführt,auch der Ereigniswürfel darf bestimmt werden | Ertrag wird vor dem Ereignis abgehandelt | nur ein Augenwürfel darf bestimmt werden,1,
F078,"Welche Tauschverhältnisse stehen mir im CATAN-Grundspiel mit dem Vorrat und an den beiden Hafenarten zur Verfügung, und welche Voraussetzung muss ich für einen Hafen erfüllen?","Du kannst im CATAN-Grundspiel folgende Tauschverhältnisse nutzen: 4:1 mit dem Vorrat, 3:1 an einem 3:1-Hafen und 2:1 an einem 2:1-Hafen. Voraussetzung für den Hafenhandel ist, dass du eine Siedlung oder Stadt direkt an dem Hafenstandort besitzt. Das bedeutet, du musst an einem Hafenfeld angrenzen, um die günstigeren Tauschverhältnisse nutzen zu dürfen. Ohne Hafen gilt immer der 4:1-Tausch mit dem Vorrat. Die 3:1-Häfen erlauben den Tausch von 3 gleichen Rohstoffkarten gegen 1 beliebige andere. Die 2:1-Häfen sind auf eine bestimmte Rohstoffart beschränkt, die auf dem Hafen angegeben ist. So kannst du 2 gleiche Rohstoffkarten dieser Sorte gegen 1 andere tauschen.","Mit dem Vorrat darf ich jederzeit 4 gleiche Rohstoffkarten gegen 1 beliebige andere tauschen. An einem 3:1-Hafen tausche ich 3 gleiche Rohstoffkarten gegen 1 beliebige andere, an einem 2:1-Hafen 2 Karten der auf dem Hafen angegebenen Sorte gegen 1 beliebige andere. Einen Hafen darf ich nur nutzen, wenn ich dort eine Siedlung oder Stadt besitze.",4:1 mit dem Vorrat | 3:1-Hafen: 3 gleiche Rohstoffe | 2:1-Hafen nur für die angegebene Sorte | Siedlung oder Stadt am Hafenstandort nötig,"abweichendes Tauschverhältnis | 2:1-Hafen gilt angeblich für jede Rohstoffsorte | Hafen ohne eigenes Bauwerk nutzbar | Handelswaren erwähnt, die es im Grundspiel nicht gibt",2,
F079,"Bei CATAN – Städte & Ritter habe ich in meinem eigenen Zug zwölf Siegpunkte, eine ausbaufähige Siedlung, zwei Erz und ein Getreide, und ich spiele „Medizin“. Eine Stadtfigur ist verfügbar. Wie viele Siegpunkte habe ich nach dem Stadtbau, und endet das Spiel dadurch?","Du hast nach dem Ausbau 14 Siegpunkte. Begründung: Die „Medizin“-Karte erlaubt dir, eine Siedlung in eine Stadt umzuwandeln, wobei du nur 2 Erz und 1 Getreide statt 3 Erz und 2 Getreide zahlen musst. Du hast die nötigen Rohstoffe und eine Stadtfigur verfügbar, also kannst du die Siedlung ausbauen. Jede Stadt zählt 2 Siegpunkte, eine Siedlung 1 Siegpunkt. Durch den Ausbau erhältst du also 1 zusätzlichen Siegpunkt (2 statt 1). Von 12 Punkten kommst du auf 13 Punkte oder mehr. Da das Ziel bei Städte & Ritter 13 Siegpunkte sind, endet das Spiel sofort mit deinem Sieg.","Mit Medizin baue ich die Siedlung für 2 Erz und 1 Getreide zur Stadt aus. Die Siedlung zählte 1 Siegpunkt, die Stadt zählt 2, ich gewinne also genau 1 Punkt hinzu und stehe bei 13. Da ich an der Reihe bin, gewinne ich, und das Spiel endet.","13 Siegpunkte | Zugewinn von genau 1 Punkt, nicht 2 | Spiel endet, ich gewinne","14 Siegpunkte, weil die Stadt voll gezählt wird | Schwelle 10 statt 13 (Grundspielregel übernommen) | Sieg wird verneint, obwohl 13 erreicht sind",0,
F080,"Bei CATAN – Städte & Ritter besitzt Anna die Handelsmetropole und hat Handel bis zur vierten Stufe ausgebaut. Ben erreicht als Erster die fünfte Handelsstufe und hat eine Stadt ohne Metropolenaufsatz zur Verfügung. Später erreicht auch Anna die fünfte Handelsstufe. Wer besitzt die Handelsmetropole nach Bens Ausbau und wer nach Annas späterem Ausbau, und wie viele Siegpunkte zählt Bens betroffene Stadt unmittelbar nach der Übernahme insgesamt?","Entscheidung: Nach Bens Erreichen der fünften Handelsstufe erhält er die Handelsmetropole, da er die höchste Handelsstufe hat. Nach Annas späterem Erreichen der fünften Handelsstufe erhält sie die Handelsmetropole zurück, da sie nun ebenfalls die höchste Handelsstufe besitzt und die Metropole bereits hat. Die Stadt von Ben ohne Metropolenaufsatz zählt unmittelbar nach der Übernahme 2 Siegpunkte. Begründung: Die Handelsmetropole wird an den Spieler mit der höchsten Handelsstufe vergeben. Bei Gleichstand behält der aktuelle Besitzer die Metropole. Bens Stadt ohne Metropolenaufsatz zählt als normale Stadt 2 Siegpunkte. Anna erhält die Metropole zurück, sobald sie die höchste Handelsstufe erreicht und die Metropole besitzt.","Ben übernimmt die Handelsmetropole, sobald er als Erster die fünfte Handelsstufe erreicht: Anna nimmt ihren Aufsatz herunter, Ben setzt seinen auf eine eigene Stadt. Diese Stadt zählt dann insgesamt 4 Siegpunkte, nämlich 2 für die Stadt und 2 für die Metropole. Annas späterer Ausbau auf Stufe fünf holt die Metropole nicht zurück, weil Bens Metropole mit der fünften Ausbaustufe gesichert ist.",Ben erhält die Metropole | Bens Stadt zählt 4 Siegpunkte | Anna bekommt sie später nicht zurück,Anna behält die Metropole | Anna erhält sie mit ihrer fünften Stufe zurück | abweichender Siegpunktwert der Metropolenstadt,0,
F081,"Bei CATAN – Städte & Ritter spiele ich „Handelshafen“. Ich besitze drei Holz und biete Anna, Ben und Clara je ein Holz an. Anna hat ein Papier und ein Tuch, Ben nur Rohstoffe, Clara genau eine Münze. Welche Tauschgeschäfte finden statt, wer bestimmt Annas Karte, und wie viel Holz habe ich danach noch?","Entscheidung/Ergebnis: Du tauschst mit Anna und Clara, nicht mit Ben. Anna bestimmt selbst, ob sie Papier oder Tuch gibt. Du gibst Anna und Clara je 1 Holz, bekommst von Anna eine Handelsware (Papier oder Tuch) und von Clara 1 Münze. Ben besitzt keine Handelsware, daher kein Tausch. Du gibst insgesamt 2 Holz ab, hast danach 1 Holz übrig. Begründung: Laut Regel darfst du jedem Spieler einmal 1 Rohstoffkarte anbieten. Nur wenn der andere eine Handelsware besitzt, findet der Tausch statt. Anna hat Handelswaren (Papier, Tuch), Clara hat eine Münze (Handelsware), Ben nur Rohstoffe (keine Handelsware). Die andere Person wählt die Karte, die sie dir gibt. Du gibst nur die angebotene Rohstoffkarte, also je 1 Holz pro Tausch.","Anna gibt mir eine Handelsware ihrer Wahl und erhält ein Holz. Bei Ben entfällt der Tausch, weil er keine Handelsware besitzt; sein Holz behalte ich. Clara gibt mir ihre Münze und erhält ein Holz. Danach habe ich noch 1 Holz und zwei Handelswaren.","Anna wählt selbst, Tausch findet statt | bei Ben entfällt der Tausch, das Holz bleibt bei mir | Clara gibt ihre Münze | 1 Holz bleibt",die spielende Person wählt Annas Karte aus | Ben muss einen Rohstoff geben | das für Ben angebotene Holz geht verloren | falscher Holzbestand,2,
F085,"Bei CATAN – Städte & Ritter habe ich in meinem eigenen Zug zwölf Siegpunkte, eine ausbaufähige Siedlung, zwei Erz und ein Getreide, und ich spiele „Medizin“. Eine Stadtfigur ist verfügbar. Wie viele Siegpunkte habe ich nach dem Stadtbau, und endet das Spiel dadurch?","Du hast nach dem Stadtbau 13 Siegpunkte. Begründung: Du baust eine Siedlung zu einer Stadt aus, was dir 1 zusätzlichen Siegpunkt bringt (Stadt zählt 2 Punkte, Siedlung 1 Punkt). Die Kosten (2 Getreide + 3 Erz) kannst du mit deinen zwei Erz und einem Getreide plus der „Medizin“-Karte (die Getreide ersetzt) bezahlen. Das Spiel endet sofort, wenn ein Spieler 13 oder mehr Siegpunkte erreicht. Da du nun 13 Punkte hast, endet das Spiel in deinem Zug.","Mit Medizin baue ich die Siedlung für 2 Erz und 1 Getreide zur Stadt aus. Die Siedlung zählte 1 Siegpunkt, die Stadt zählt 2, ich gewinne also genau 1 Punkt hinzu und stehe bei 13. Da ich an der Reihe bin, gewinne ich, und das Spiel endet.","13 Siegpunkte | Zugewinn von genau 1 Punkt, nicht 2 | Spiel endet, ich gewinne","14 Siegpunkte, weil die Stadt voll gezählt wird | Schwelle 10 statt 13 (Grundspielregel übernommen) | Sieg wird verneint, obwohl 13 erreicht sind",1,
F086,Bei CATAN – Städte & Ritter erreiche ich in meinem eigenen Zug zehn Siegpunkte. Aus dem Grundspiel kenne ich diesen Wert als Siegbedingung. Wie viele Siegpunkte fehlen mir in dieser Partie noch zum Sieg?,"Du hast noch 2 Siegpunkte zum Sieg nötig. Begründung: In der Erweiterung Städte & Ritter benötigt man 12 Siegpunkte zum Sieg, nicht 10 wie im Grundspiel. Daher reichen 10 Punkte noch nicht aus, um zu gewinnen.","Drei Siegpunkte. Bei Städte & Ritter gewinnt, wer zuerst 13 Siegpunkte erreicht, und zwar wenn er selbst an der Reihe ist.",noch 3 Siegpunkte | 13 Siegpunkte sind nötig,10 Siegpunkte genügen (Grundspielregel übernommen) | andere Schwelle als 13 genannt,0,
F089,"Bei CATAN – Städte & Ritter setze ich vor meinem Würfelwurf die Fortschrittskarte „Alchemie“ ein. Welche Würfelergebnisse darf ich damit selbst bestimmen, welchen Würfel muss ich weiterhin werfen, und was wird zuerst ausgeführt?","Du darfst mit der Fortschrittskarte „Alchemie“ den Ergebniswürfel (den roten Würfel) selbst bestimmen, also eine beliebige Zahl von 1 bis 6 wählen. Den Zahlenwürfel (den gelben Würfel) musst du weiterhin normal werfen. Zuerst wird der Zahlenwürfel geworfen und das Ergebnis bekanntgegeben, danach legst du mit „Alchemie“ das Ergebnis des Ergebniswürfels fest. Die Kombination aus beiden Würfeln bestimmt dann die Ereignisse (Ritteraktivierung, Rohstofferträge, etc.). Die Karte erlaubt dir also, den Ergebniswürfel zu manipulieren, nicht aber den Zahlenwürfel. So kannst du gezielt bestimmte Ereignisse auslösen oder verhindern.","Ich bestimme die Ergebnisse der beiden Augenwürfel selbst. Den Ereigniswürfel werfe ich weiterhin wie üblich, und sein Ereignis wird zuerst ausgeführt; erst danach gibt es die Erträge für die bestimmte Augenzahl.",beide Augenwürfel werden selbst bestimmt | Ereigniswürfel wird weiterhin geworfen | das Ereignis wird zuerst ausgeführt,auch der Ereigniswürfel darf bestimmt werden | Ertrag wird vor dem Ereignis abgehandelt | nur ein Augenwürfel darf bestimmt werden,0,
F090,Bei CATAN – Städte & Ritter erreiche ich in meinem eigenen Zug zehn Siegpunkte. Aus dem Grundspiel kenne ich diesen Wert als Siegbedingung. Wie viele Siegpunkte fehlen mir in dieser Partie noch zum Sieg?,"Du benötigst noch 3 Siegpunkte zum Sieg. Begründung: In der Variante Städte & Ritter beträgt die Siegpunktzahl 13, nicht 10 wie im Grundspiel. Daher reichen 10 Siegpunkte noch nicht zum Gewinn.","Drei Siegpunkte. Bei Städte & Ritter gewinnt, wer zuerst 13 Siegpunkte erreicht, und zwar wenn er selbst an der Reihe ist.",noch 3 Siegpunkte | 13 Siegpunkte sind nötig,10 Siegpunkte genügen (Grundspielregel übernommen) | andere Schwelle als 13 genannt,2,
F102,"Bei CATAN – Städte & Ritter spiele ich „Handelshafen“. Ich besitze drei Holz und biete Anna, Ben und Clara je ein Holz an. Anna hat ein Papier und ein Tuch, Ben nur Rohstoffe, Clara genau eine Münze. Welche Tauschgeschäfte finden statt, wer bestimmt Annas Karte, und wie viel Holz habe ich danach noch?","Ergebnis: Du kannst mit Anna und Ben tauschen, nicht mit Clara. Anna bestimmt, ob sie Papier oder Tuch gibt. Du hast danach 0 Holz. Begründung: Im Handelshafen darfst du Rohstoffe gegen andere Rohstoffe tauschen, aber keine Münzen. Anna hat Papier und Tuch (Rohstoffe), Ben nur Rohstoffe, Clara nur eine Münze (kein Rohstoff). Du bietest je ein Holz an drei Spieler an, kannst aber nur mit denen tauschen, die Rohstoffe geben. Anna entscheidet, ob sie Papier oder Tuch gibt, da sie beide hat. Ben gibt einen Rohstoff seiner Wahl. Clara kann nicht tauschen, da sie nur Münzen hat. Du gibst insgesamt 3 Holz ab, hast danach 0 Holz.","Anna gibt mir eine Handelsware ihrer Wahl und erhält ein Holz. Bei Ben entfällt der Tausch, weil er keine Handelsware besitzt; sein Holz behalte ich. Clara gibt mir ihre Münze und erhält ein Holz. Danach habe ich noch 1 Holz und zwei Handelswaren.","Anna wählt selbst, Tausch findet statt | bei Ben entfällt der Tausch, das Holz bleibt bei mir | Clara gibt ihre Münze | 1 Holz bleibt",die spielende Person wählt Annas Karte aus | Ben muss einen Rohstoff geben | das für Ben angebotene Holz geht verloren | falscher Holzbestand,0,
F105,"Bei CATAN – Städte & Ritter spiele ich „Handelsflotte“ und lege Papier als Sorte fest. Ich besitze fünf Papier und zwei Wolle; andere Tauschmöglichkeiten nutze ich nicht, der Vorrat ist ausreichend. Wie viel Erz kann ich darüber höchstens erhalten, und welche meiner Karten bleiben übrig?","Du kannst maximal 2 Erz erhalten. Begründung: Mit „Handelsflotte“ darfst du Papier im Verhältnis 2:1 beliebig oft tauschen. Du hast 5 Papier, also kannst du zweimal 2 Papier gegen jeweils 1 Erz tauschen (2x2 Papier = 4 Papier). Dabei gibst du 4 Papier ab und erhältst 2 Erz. Das verbleibende 1 Papier und die 2 Wolle bleiben bei dir. Ein Tausch mit Wolle ist nicht möglich, da du Papier als Sorte festgelegt hast und Kombinationen nicht erlaubt sind.","Ich tausche zweimal 2 Papier gegen 1 Erz und erhalte 2 Erz. Übrig bleiben 1 Papier und 2 Wolle: Die Wolle darf über dieselbe Handelsflotte nicht getauscht werden, weil ich Papier als Sorte festgelegt habe, und Kombinationen sind nicht erlaubt.","2 Erz | 1 Papier und 2 Wolle bleiben | nur die festgelegte Sorte, keine Kombination",Wolle wird über dieselbe Karte mitgetauscht | Papier und Wolle werden kombiniert | falsche Anzahl Erz oder falscher Rest,2,
