question_id,A_ohne_rag,B_mit_rag,C_goldkontext,hit@k,gold_vollstaendig,zitat_recall,diagnose
T01,1.0,1.0,1.0,1.0,1.0,1.0,B und C korrekt
T02,0.0,1.0,1.0,1.0,1.0,1.0,B und C korrekt
T03,0.0,0.0,1.0,0.0,0.0,0.0,"nur C korrekt, Belege in B unvollstaendig"
T04,1.0,1.0,1.0,1.0,1.0,1.0,B und C korrekt
T05,0.0,1.0,1.0,1.0,1.0,1.0,B und C korrekt
T06,0.0,0.0,1.0,1.0,0.0,0.5,"nur C korrekt, Belege in B unvollstaendig"
T07,0.0,0.0,1.0,0.0,0.0,0.0,"nur C korrekt, Belege in B unvollstaendig"
T08,0.0,0.0,0.0,1.0,0.0,0.5,weder B noch C korrekt
T09,0.0,1.0,1.0,1.0,1.0,1.0,B und C korrekt
T10,0.0,0.0,0.0,1.0,0.0,0.0,weder B noch C korrekt
T11,0.0,1.0,1.0,1.0,1.0,1.0,B und C korrekt
T12,0.0,1.0,0.0,1.0,0.0,0.6666666666666666,"B korrekt, C nicht"
T13,0.0,0.0,0.0,1.0,1.0,1.0,weder B noch C korrekt
T14,0.0,1.0,1.0,1.0,1.0,1.0,B und C korrekt
T15,0.0,1.0,1.0,1.0,1.0,1.0,B und C korrekt
T16,0.0,0.0,1.0,1.0,1.0,1.0,"nur C korrekt, Belege in B vollstaendig"
T17,1.0,1.0,1.0,1.0,1.0,1.0,B und C korrekt
T18,0.0,1.0,0.0,1.0,1.0,1.0,"B korrekt, C nicht"
T19,0.0,0.0,1.0,1.0,0.0,0.6666666666666666,"nur C korrekt, Belege in B unvollstaendig"
T20,0.0,1.0,1.0,1.0,1.0,1.0,B und C korrekt
T21,0.0,0.0,0.0,1.0,1.0,1.0,weder B noch C korrekt
T22,0.0,0.0,1.0,1.0,0.0,0.3333333333333333,"nur C korrekt, Belege in B unvollstaendig"
T23,0.0,1.0,1.0,1.0,1.0,1.0,B und C korrekt
T24,1.0,1.0,1.0,1.0,1.0,1.0,B und C korrekt
T25,0.0,0.0,1.0,0.0,0.0,0.0,"nur C korrekt, Belege in B unvollstaendig"
T26,0.0,1.0,1.0,1.0,1.0,1.0,B und C korrekt
T27,0.0,0.0,1.0,1.0,0.0,0.5,"nur C korrekt, Belege in B unvollstaendig"
T28,0.0,0.0,1.0,1.0,1.0,1.0,"nur C korrekt, Belege in B vollstaendig"
T29,1.0,0.0,0.0,1.0,0.0,0.3333333333333333,weder B noch C korrekt
T30,0.0,0.0,1.0,1.0,0.0,0.5,"nur C korrekt, Belege in B unvollstaendig"
