question_id,A_ohne_rag,B_mit_rag,C_goldkontext,D_volltext
T01,1.0,1.0,1.0,1.0
T02,0.0,1.0,1.0,1.0
T03,0.0,0.0,1.0,1.0
T04,1.0,1.0,1.0,1.0
T05,0.0,1.0,1.0,1.0
T06,0.0,0.0,1.0,1.0
T07,0.0,0.0,1.0,1.0
T08,0.0,0.0,0.0,0.0
T09,0.0,1.0,1.0,1.0
T10,0.0,0.0,0.0,0.0
T11,0.0,1.0,1.0,0.0
T12,0.0,1.0,0.0,1.0
T13,0.0,0.0,0.0,1.0
T14,0.0,1.0,1.0,1.0
T15,0.0,1.0,1.0,1.0
T16,0.0,0.0,1.0,1.0
T17,1.0,1.0,1.0,1.0
T18,0.0,1.0,0.0,1.0
T19,0.0,0.0,1.0,1.0
T20,0.0,1.0,1.0,1.0
T21,0.0,0.0,0.0,1.0
T22,0.0,0.0,1.0,0.0
T23,0.0,1.0,1.0,0.0
T24,1.0,1.0,1.0,0.0
T25,0.0,0.0,1.0,0.0
T26,0.0,1.0,1.0,1.0
T27,0.0,0.0,1.0,1.0
T28,0.0,0.0,1.0,0.0
T29,1.0,0.0,0.0,0.0
T30,0.0,0.0,1.0,0.0
