question_id,bedingung,korrektheit_v1,korrektheit_v2
T02,B_mit_rag,2,2
T02,A_ohne_rag,0,0
T28,B_mit_rag,1,1
T18,B_mit_rag,2,2
T17,A_ohne_rag,2,2
T10,C_goldkontext,1,1
T28,A_ohne_rag,1,0
T19,B_mit_rag,0,0
T07,B_mit_rag,1,1
T08,A_ohne_rag,0,0
T09,B_mit_rag,2,2
T25,B_mit_rag,0,1
T18,C_goldkontext,0,0
T05,B_mit_rag,2,2
T21,B_mit_rag,1,1
T30,B_mit_rag,0,0
T18,A_ohne_rag,0,0
T12,C_goldkontext,1,1
T24,A_ohne_rag,2,2
T10,B_mit_rag,0,0
T05,A_ohne_rag,0,0
T30,A_ohne_rag,0,0
T20,C_goldkontext,2,2
T27,B_mit_rag,0,0
T20,B_mit_rag,2,2
T01,A_ohne_rag,2,2
T24,C_goldkontext,2,2
T23,C_goldkontext,2,2
T11,A_ohne_rag,0,0
T30,C_goldkontext,2,2
T03,A_ohne_rag,1,0
T05,C_goldkontext,2,2
T21,C_goldkontext,1,1
T01,B_mit_rag,2,2
T02,C_goldkontext,2,2
T08,C_goldkontext,0,0
T13,C_goldkontext,1,1
T23,A_ohne_rag,0,0
T17,B_mit_rag,2,2
T09,C_goldkontext,2,2
T29,A_ohne_rag,2,2
T14,C_goldkontext,2,2
T03,C_goldkontext,1,2
T08,B_mit_rag,0,0
T28,C_goldkontext,2,2
T09,A_ohne_rag,0,0
T17,C_goldkontext,2,2
T04,C_goldkontext,2,2
T16,B_mit_rag,1,1
T07,A_ohne_rag,0,0
T22,A_ohne_rag,0,0
T22,B_mit_rag,0,0
T06,B_mit_rag,0,0
T19,C_goldkontext,2,2
T07,C_goldkontext,2,2
T04,A_ohne_rag,2,2
T11,B_mit_rag,2,2
T03,B_mit_rag,1,0
T27,A_ohne_rag,0,0
T13,B_mit_rag,1,1
T01,C_goldkontext,2,2
T29,C_goldkontext,0,0
T10,A_ohne_rag,0,0
T25,C_goldkontext,2,2
T14,A_ohne_rag,0,0
T15,A_ohne_rag,0,0
T20,A_ohne_rag,0,0
T29,B_mit_rag,1,1
T16,A_ohne_rag,0,0
T26,A_ohne_rag,0,0
T15,B_mit_rag,2,2
T13,A_ohne_rag,0,0
T16,C_goldkontext,2,2
T26,B_mit_rag,2,2
T11,C_goldkontext,2,2
T21,A_ohne_rag,0,0
T23,B_mit_rag,2,2
T19,A_ohne_rag,1,0
T27,C_goldkontext,2,2
T15,C_goldkontext,2,2
T14,B_mit_rag,2,2
T12,A_ohne_rag,0,0
T12,B_mit_rag,2,2
T06,C_goldkontext,2,2
T25,A_ohne_rag,0,0
T06,A_ohne_rag,0,0
T04,B_mit_rag,2,2
T24,B_mit_rag,2,2
T22,C_goldkontext,2,2
T26,C_goldkontext,2,2
