fall_zweit,fall_v2,stufe_autor,stufe_zweit,p_gleich,p_anzahl,k_gleich,k_anzahl,r_gleich,z_gleich,w_gleich,g_gleich,z_autor,z_zweit,question_id,bedingung
Z01,V047,2,2,3,3,3,3,1,1,1,1,nein,nein,T26,B_mit_rag
Z02,V045,2,2,3,3,3,3,1,1,1,1,nein,nein,T26,D_volltext
Z03,V046,2,2,3,3,3,3,1,1,1,1,nein,nein,T26,C_goldkontext
Z04,V048,0,0,3,3,2,3,1,0,0,1,nein,ja,T26,A_ohne_rag
Z05,V067,0,0,2,2,2,3,0,1,1,1,nein,nein,T20,A_ohne_rag
Z06,V068,2,2,2,2,3,3,1,1,1,1,nein,nein,T20,C_goldkontext
Z07,V066,2,2,2,2,3,3,1,1,1,1,nein,nein,T20,B_mit_rag
Z08,V065,2,2,2,2,3,3,1,1,1,1,nein,nein,T20,D_volltext
Z09,V118,0,0,3,3,3,3,0,0,1,1,nein,ja,T30,B_mit_rag
Z10,V117,2,2,3,3,3,3,1,1,1,1,nein,nein,T30,C_goldkontext
Z11,V120,0,0,3,3,3,3,0,0,1,1,nein,ja,T30,D_volltext
Z12,V119,0,0,3,3,3,3,1,0,1,1,nein,ja,T30,A_ohne_rag
Z13,V073,0,1,3,3,3,3,0,0,1,1,nein,ja,T19,B_mit_rag
Z14,V075,2,2,3,3,3,3,1,1,1,1,nein,nein,T19,C_goldkontext
Z15,V074,2,2,3,3,3,3,1,1,1,1,nein,nein,T19,D_volltext
Z16,V076,0,1,3,3,3,3,0,0,1,1,nein,ja,T19,A_ohne_rag
Z17,V111,0,0,3,3,3,3,1,0,1,1,nein,ja,T07,A_ohne_rag
Z18,V112,2,2,3,3,3,3,1,1,1,1,nein,nein,T07,C_goldkontext
Z19,V110,1,2,2,3,3,3,1,1,1,1,nein,nein,T07,B_mit_rag
Z20,V109,2,2,3,3,3,3,1,1,1,1,nein,nein,T07,D_volltext
Z21,V019,2,2,2,2,3,3,1,1,1,1,nein,nein,T02,B_mit_rag
Z22,V018,0,0,2,2,2,3,0,1,1,0,nein,nein,T02,A_ohne_rag
Z23,V020,2,2,2,2,3,3,1,1,1,1,nein,nein,T02,C_goldkontext
Z24,V017,2,2,2,2,3,3,1,1,1,1,nein,nein,T02,D_volltext
Z25,V086,2,2,2,2,4,4,1,1,1,1,nein,nein,T27,D_volltext
Z26,V085,0,0,1,2,4,4,0,1,1,0,nein,nein,T27,B_mit_rag
Z27,V087,2,2,2,2,4,4,1,1,1,1,nein,nein,T27,C_goldkontext
Z28,V088,0,0,2,2,3,4,1,0,1,0,nein,ja,T27,A_ohne_rag
Z29,V061,2,2,2,2,3,3,1,1,1,1,nein,nein,T03,C_goldkontext
Z30,V063,0,2,1,2,3,3,0,1,1,1,nein,nein,T03,B_mit_rag
Z31,V064,0,1,1,2,3,3,0,0,1,1,nein,ja,T03,A_ohne_rag
Z32,V062,2,2,2,2,3,3,1,1,1,1,nein,nein,T03,D_volltext
Z33,V016,2,2,4,4,4,4,1,1,1,1,nein,nein,T22,C_goldkontext
Z34,V015,0,0,4,4,4,4,0,0,0,1,nein,ja,T22,B_mit_rag
Z35,V013,0,0,4,4,4,4,0,0,1,1,nein,ja,T22,A_ohne_rag
Z36,V014,0,0,3,4,3,4,1,0,0,1,nein,ja,T22,D_volltext
Z37,V041,0,0,2,2,3,3,0,1,1,1,nein,nein,T06,B_mit_rag
Z38,V042,0,0,2,2,3,3,0,0,1,1,nein,ja,T06,A_ohne_rag
Z39,V043,2,2,2,2,3,3,1,1,1,1,nein,nein,T06,D_volltext
Z40,V044,2,2,2,2,3,3,1,1,1,1,nein,nein,T06,C_goldkontext
