fall_id,question_id,bedingung
V001,T13,A_ohne_rag
V002,T13,C_goldkontext
V003,T13,D_volltext
V004,T13,B_mit_rag
V005,T24,A_ohne_rag
V006,T24,C_goldkontext
V007,T24,B_mit_rag
V008,T24,D_volltext
V009,T04,C_goldkontext
V010,T04,A_ohne_rag
V011,T04,B_mit_rag
V012,T04,D_volltext
V013,T22,A_ohne_rag
V014,T22,D_volltext
V015,T22,B_mit_rag
V016,T22,C_goldkontext
V017,T02,D_volltext
V018,T02,A_ohne_rag
V019,T02,B_mit_rag
V020,T02,C_goldkontext
V021,T18,C_goldkontext
V022,T18,A_ohne_rag
V023,T18,B_mit_rag
V024,T18,D_volltext
V025,T21,C_goldkontext
V026,T21,B_mit_rag
V027,T21,A_ohne_rag
V028,T21,D_volltext
V029,T08,C_goldkontext
V030,T08,B_mit_rag
V031,T08,A_ohne_rag
V032,T08,D_volltext
V033,T17,C_goldkontext
V034,T17,A_ohne_rag
V035,T17,B_mit_rag
V036,T17,D_volltext
V037,T05,C_goldkontext
V038,T05,B_mit_rag
V039,T05,D_volltext
V040,T05,A_ohne_rag
V041,T06,B_mit_rag
V042,T06,A_ohne_rag
V043,T06,D_volltext
V044,T06,C_goldkontext
V045,T26,D_volltext
V046,T26,C_goldkontext
V047,T26,B_mit_rag
V048,T26,A_ohne_rag
V049,T09,B_mit_rag
V050,T09,A_ohne_rag
V051,T09,D_volltext
V052,T09,C_goldkontext
V053,T15,C_goldkontext
V054,T15,B_mit_rag
V055,T15,A_ohne_rag
V056,T15,D_volltext
V057,T29,B_mit_rag
V058,T29,C_goldkontext
V059,T29,D_volltext
V060,T29,A_ohne_rag
V061,T03,C_goldkontext
V062,T03,D_volltext
V063,T03,B_mit_rag
V064,T03,A_ohne_rag
V065,T20,D_volltext
V066,T20,B_mit_rag
V067,T20,A_ohne_rag
V068,T20,C_goldkontext
V069,T14,A_ohne_rag
V070,T14,C_goldkontext
V071,T14,B_mit_rag
V072,T14,D_volltext
V073,T19,B_mit_rag
V074,T19,D_volltext
V075,T19,C_goldkontext
V076,T19,A_ohne_rag
V077,T28,A_ohne_rag
V078,T28,B_mit_rag
V079,T28,D_volltext
V080,T28,C_goldkontext
V081,T23,C_goldkontext
V082,T23,B_mit_rag
V083,T23,D_volltext
V084,T23,A_ohne_rag
V085,T27,B_mit_rag
V086,T27,D_volltext
V087,T27,C_goldkontext
V088,T27,A_ohne_rag
V089,T11,B_mit_rag
V090,T11,A_ohne_rag
V091,T11,D_volltext
V092,T11,C_goldkontext
V093,T12,C_goldkontext
V094,T12,D_volltext
V095,T12,A_ohne_rag
V096,T12,B_mit_rag
V097,T10,B_mit_rag
V098,T10,A_ohne_rag
V099,T10,D_volltext
V100,T10,C_goldkontext
V101,T16,A_ohne_rag
V102,T16,B_mit_rag
V103,T16,D_volltext
V104,T16,C_goldkontext
V105,T01,C_goldkontext
V106,T01,A_ohne_rag
V107,T01,B_mit_rag
V108,T01,D_volltext
V109,T07,D_volltext
V110,T07,B_mit_rag
V111,T07,A_ohne_rag
V112,T07,C_goldkontext
V113,T25,A_ohne_rag
V114,T25,B_mit_rag
V115,T25,C_goldkontext
V116,T25,D_volltext
V117,T30,C_goldkontext
V118,T30,B_mit_rag
V119,T30,A_ohne_rag
V120,T30,D_volltext
